id,license,file_name,height,width,area,iscrowd,x_min_bb,y_min_bb,width_bb,heigth_bb,category_id,supercategory,name
252219,4,000000252219.jpg,428,640,3189.4047,0,337.06,44.11,61.36,57.17,10,outdoor,traffic light
87038,1,000000087038.jpg,480,640,6443,1,1,190,638,101,1,person,person
502136,3,000000502136.jpg,423,500,794.44335,0,48.48,347.86,26.55,46.74,86,indoor,vase
491497,3,000000491497.jpg,500,375,29742.3121,0,165.77,284.66,190.26,215.34,63,furniture,couch
184791,1,000000184791.jpg,500,640,293.54785,0,267.05,269.84,24.04,15.27,55,food,orange
181666,3,000000181666.jpg,425,640,4567.38875,0,481.11,299.69,73.72,103.56,20,animal,sheep
565778,4,000000565778.jpg,400,640,62.96685,0,265.16,232.53,6.74,15.67,1,person,person
555705,5,000000555705.jpg,371,640,51727.2594,0,0,51.88,331.74,253.21,17,animal,cat
500663,4,000000500663.jpg,480,640,34.79065,0,442.07,323.73,9.05,6.15,21,animal,cow
25560,3,000000025560.jpg,480,640,3504.4672,0,0.46,423.5,78.27,56.5,47,kitchen,cup
301867,2,000000301867.jpg,480,640,1360.42295,0,242.45,348.7,29.57,68.87,31,accessory,handbag
312421,3,000000312421.jpg,427,640,12135.6882,0,529.48,0,110.52,139,28,accessory,umbrella
356427,3,000000356427.jpg,427,640,794.1226,0,389.58,315.59,55.84,34,33,accessory,suitcase
360661,1,000000360661.jpg,480,640,585.5616,0,0,183.53,22.31,47.34,1,person,person
266409,3,000000266409.jpg,480,640,979.44315,0,372.79,440.44,54.21,39.56,35,sports,skis
80671,4,000000080671.jpg,427,640,27713.7726,0,219.71,117.18,202.51,252.19,1,person,person
577539,4,000000577539.jpg,334,500,16609.67545,0,0.87,2.6,170.03,325.33,1,person,person
476258,1,000000476258.jpg,367,640,6746.2448,0,270.16,250.29,236.65,97.18,41,sports,skateboard
66523,3,000000066523.jpg,640,480,119132.4731,0,1.43,299.84,430.5,327.17,65,furniture,bed
199551,3,000000199551.jpg,428,640,17304.22985,0,123.48,152.1,299.55,101.44,1,person,person
473237,4,000000473237.jpg,426,640,14206.18405,0,128.28,265.17,225.92,120.62,59,food,pizza
78915,1,000000078915.jpg,640,481,1675.039,0,38.75,0,76.69,46.36,1,person,person
57597,1,000000057597.jpg,426,640,9758,1,21,85,615,82,1,person,person
383384,2,000000383384.jpg,360,640,8564.55695,0,466.77,198.43,84.98,161.57,1,person,person
524456,1,000000524456.jpg,480,640,4719.37445,0,517.16,121.89,80.61,83.9,31,accessory,handbag
213086,3,000000213086.jpg,500,375,1573.3025,0,261.91,94.16,30.41,60.08,86,indoor,vase
34873,4,000000034873.jpg,480,640,1843.90725,0,394.48,151.79,44.4,49.04,72,electronic,tv
117425,5,000000117425.jpg,426,640,8184.20345,0,0,191.38,80.77,131.24,47,kitchen,cup
504711,2,000000504711.jpg,483,640,103471.9148,0,144.68,0.54,432.96,290.46,61,food,cake
459153,2,000000459153.jpg,640,427,1199.1707,0,328.84,403.85,37.87,69.52,27,accessory,backpack
223130,1,000000223130.jpg,640,425,28303.35405,0,136.13,146.04,183.77,450.67,25,animal,giraffe
410428,3,000000410428.jpg,427,640,83.6124,0,19.5,130.18,12.23,8.64,20,animal,sheep
338428,3,000000338428.jpg,366,640,1242.4374,0,549.44,82.54,90.56,35.55,8,vehicle,truck
360137,5,000000360137.jpg,640,640,38033.58555,0,406.92,342.05,233.08,297.95,1,person,person
512836,1,000000512836.jpg,640,480,814.2527,0,81.29,115.56,27.36,63.48,31,accessory,handbag
84477,4,000000084477.jpg,427,640,233.9231,0,283.28,215.2,16.75,25.77,1,person,person
181859,4,000000181859.jpg,640,426,22139.0473,0,64.72,267.27,293.39,277.57,81,appliance,sink
177015,4,000000177015.jpg,480,640,22452.06875,0,96.25,1.88,108.75,244.99,82,appliance,refrigerator
288042,4,000000288042.jpg,480,640,2200.2519,0,530.12,162.06,96.72,59.57,28,accessory,umbrella
500257,4,000000500257.jpg,400,500,23785,1,21,137,478,180,33,accessory,suitcase
125062,2,000000125062.jpg,640,427,19675.58855,0,71.94,0,99.94,267.39,84,indoor,book
375015,4,000000375015.jpg,404,640,99603.6688,0,291.32,0,348.68,403.39,23,animal,bear
283520,4,000000283520.jpg,426,640,11253.4914,0,171.4,130.31,70.17,237.55,1,person,person
319721,3,000000319721.jpg,640,480,2035.33655,0,0,169.71,32.11,89.89,1,person,person
165351,3,000000165351.jpg,612,612,4172.9501,0,0,0.4,612,52.14,67,furniture,dining table
99242,1,000000099242.jpg,426,640,569.84035,0,315.05,267.32,116.65,31.96,35,sports,skis
460494,3,000000460494.jpg,426,640,17310.53775,0,148.27,0,138.31,153.8,47,kitchen,cup
578545,1,000000578545.jpg,474,640,9738.4599,0,358.49,227.31,152.38,136.44,84,indoor,book
84431,1,000000084431.jpg,640,361,51967.16835,0,20.13,257.44,304.9,283.32,59,food,pizza
100582,4,000000100582.jpg,427,640,232554.7337,0,1.92,0,638.08,415.49,59,food,pizza
321333,1,000000321333.jpg,397,640,59930.17365,0,57.75,16.5,295.94,372.25,1,person,person
177935,1,000000177935.jpg,640,480,69.3082,0,47.33,163.34,8.76,13.24,50,kitchen,spoon
38829,1,000000038829.jpg,427,640,19514.6585,0,396.5,193.75,238.98,168.4,4,vehicle,motorcycle
397327,3,000000397327.jpg,427,640,21243.30335,0,322.03,62.32,255.02,125.7,81,appliance,sink
555050,3,000000555050.jpg,322,500,182.93485,0,326.22,203.66,54.66,27.3,67,furniture,dining table
187243,3,000000187243.jpg,640,480,1647.82135,0,0,26.74,65.31,29.49,81,appliance,sink
534827,1,000000534827.jpg,612,612,3405.8244,0,557.57,319.79,54.43,95.37,4,vehicle,motorcycle
190756,3,000000190756.jpg,480,640,14173.45755,0,129.69,32.63,293.21,163.14,1,person,person
392722,4,000000392722.jpg,423,640,295.2638,0,570.93,270.35,17.46,60.43,31,accessory,handbag
101068,3,000000101068.jpg,427,640,2021.26195,0,362.37,127.89,95.95,114.71,39,sports,baseball bat
338986,4,000000338986.jpg,640,403,1549.50955,0,284.41,506.66,118.59,76.8,3,vehicle,car
314034,2,000000314034.jpg,480,640,2592,1,14,126,615,104,21,animal,cow
291490,1,000000291490.jpg,393,640,173108.4019,0,0,2.21,640,386.81,65,furniture,bed
173033,1,000000173033.jpg,640,480,5051.71355,0,141.99,352.33,89.05,81.1,23,animal,bear
509131,2,000000509131.jpg,425,640,12738.9357,0,164.48,338.9,264.94,77.27,55,food,orange
578922,4,000000578922.jpg,640,598,13319.2365,0,175.46,454.47,120.81,174.02,86,indoor,vase
43314,4,000000043314.jpg,376,500,3934.93695,0,140.55,60.79,178.83,182.63,35,sports,skis
466567,6,000000466567.jpg,640,480,40926.31905,0,104.99,227.24,253.12,235.86,60,food,donut
448076,4,000000448076.jpg,480,640,3431.17975,0,378.86,240.46,67.56,79.79,62,furniture,chair
332570,2,000000332570.jpg,500,390,54964.8322,0,0,44.71,371.15,455.29,1,person,person
173044,2,000000173044.jpg,640,359,2037.58065,0,61.68,305.22,51.26,49.9,85,indoor,clock
403565,3,000000403565.jpg,640,447,11750.68305,0,181.58,230.35,99.86,290.04,1,person,person
492878,1,000000492878.jpg,640,640,6624.44735,0,232.2,132.65,69.52,130.63,47,kitchen,cup
97679,4,000000097679.jpg,480,640,21661.12365,0,358.31,159.58,274.27,170.73,3,vehicle,car
3845,2,000000003845.jpg,375,500,2775.72555,0,211.99,136.21,66.82,61.5,57,food,carrot
348708,4,000000348708.jpg,640,383,237528.2536,0,4.99,3.74,378.01,630.03,67,furniture,dining table
166521,3,000000166521.jpg,426,640,187.91225,0,296.99,351.58,5.41,40.36,84,indoor,book
51961,1,000000051961.jpg,640,427,8386.2164,0,231.88,243.55,69.32,147.58,14,outdoor,parking meter
21167,4,000000021167.jpg,640,426,101593.3416,0,187.98,38.89,238.02,601.11,1,person,person
16010,3,000000016010.jpg,471,640,197.0714,0,421.16,265.02,25.5,40.11,24,animal,zebra
68387,3,000000068387.jpg,480,640,86.8763,0,332.84,152.53,10.69,12.54,40,sports,baseball glove
429281,3,000000429281.jpg,640,480,525.6701,0,313.66,17.48,34.39,23.12,55,food,orange
352900,4,000000352900.jpg,427,640,5436.53475,0,165.82,78.27,103.34,95.04,56,food,broccoli
118367,4,000000118367.jpg,427,640,432.9178,0,297.22,226.12,29.9,21.1,57,food,carrot
193494,5,000000193494.jpg,640,426,45532.3539,0,69.03,330.79,260.32,254.56,65,furniture,bed
18150,3,000000018150.jpg,480,640,780.96575,0,222.59,459.76,66.33,20.24,59,food,pizza
201646,1,000000201646.jpg,427,640,15960.14485,0,268.59,325.88,197.2,97.83,63,furniture,couch
36936,1,000000036936.jpg,404,640,86.8761,0,35.88,11.85,36.46,4.98,84,indoor,book
384670,3,000000384670.jpg,480,640,17.85105,0,423.7,117.78,5.92,8.98,37,sports,sports ball
50326,1,000000050326.jpg,375,500,9396.3149,0,313.26,0,186.74,260.04,62,furniture,chair
90284,4,000000090284.jpg,639,640,3003.06135,0,461.39,338.28,117.03,100.42,43,sports,tennis racket
63602,2,000000063602.jpg,425,640,86.64865,0,360.95,157.99,9.13,13.69,84,indoor,book
5060,1,000000005060.jpg,640,480,17791.56675,0,159.19,309.5,165.16,188.9,1,person,person
117908,1,000000117908.jpg,320,500,1060.2075,0,266.35,156.44,30.56,62.53,44,kitchen,bottle
101762,1,000000101762.jpg,480,640,16794.98675,0,418.65,69.17,217.74,268.27,17,animal,cat
557501,2,000000557501.jpg,480,640,4107.19715,0,416,258.26,102.23,58.79,81,appliance,sink
203317,3,000000203317.jpg,423,500,20544.94985,0,212.86,211.05,257.44,203.76,2,vehicle,bicycle
63740,3,000000063740.jpg,480,640,6204.8026,0,407.11,193.24,199.98,43.76,76,electronic,keyboard
281179,1,000000281179.jpg,480,640,78.8499,0,144.93,46.21,8.43,11.17,10,outdoor,traffic light
126226,1,000000126226.jpg,480,640,12435.56685,0,0.17,130.02,84.44,217.05,1,person,person
150265,6,000000150265.jpg,640,480,1051.8483,0,91.12,0,39.58,69.01,1,person,person
38048,1,000000038048.jpg,500,299,68.7195,0,276.35,207.36,8.63,18.25,31,accessory,handbag
561679,6,000000561679.jpg,480,640,808.06035,0,245.82,323.78,46.75,26.45,3,vehicle,car
205647,1,000000205647.jpg,427,640,40218.36705,0,47.76,207.38,476.68,112.72,8,vehicle,truck
460841,4,000000460841.jpg,375,500,4858.93485,0,278.93,341.29,217.42,29.5,70,furniture,toilet
87470,3,000000087470.jpg,470,640,13818,1,97,105,542,144,21,animal,cow
205776,3,000000205776.jpg,425,640,57329.3495,0,91.89,28.24,442.23,240.26,23,animal,bear
486479,4,000000486479.jpg,375,500,80149.9955,0,0,0.97,499.68,296.11,65,furniture,bed
114871,2,000000114871.jpg,427,640,264093.8993,0,3.33,3.6,636.67,417.02,67,furniture,dining table
123213,1,000000123213.jpg,392,640,17983.66095,0,91.64,84.2,238.25,265.74,1,person,person
123321,2,000000123321.jpg,612,612,284.8111,0,306.18,306.43,23.47,21.12,57,food,carrot
131556,3,000000131556.jpg,425,640,105.7064,0,524.29,181.14,6.78,24.94,1,person,person
295316,4,000000295316.jpg,480,640,134.8661,0,377.05,258.33,36.16,12.17,42,sports,surfboard
322352,2,000000322352.jpg,375,500,2294.29135,0,377.29,92.92,61,61.41,64,furniture,potted plant
293625,1,000000293625.jpg,480,640,8509.97125,0,399.75,315.92,116.72,89.16,63,furniture,couch
411817,5,000000411817.jpg,480,640,1837.69,0,517.17,74.47,33.97,58.32,72,electronic,tv
215259,1,000000215259.jpg,500,336,175.0446,0,304.62,332.39,26.55,11.86,75,electronic,remote
432898,1,000000432898.jpg,500,500,314,1,102,236,269,41,38,sports,kite
130586,4,000000130586.jpg,640,427,16505.69455,0,17.82,64.81,179.85,218.73,38,sports,kite
298396,5,000000298396.jpg,480,640,236.4312,0,300.1,226.99,18.71,13.87,51,kitchen,bowl
108440,5,000000108440.jpg,434,640,24745.2659,0,14.63,166.77,487.64,61.45,7,vehicle,train
579818,3,000000579818.jpg,360,640,10.30335,0,87.6,183.83,3.85,3.25,1,person,person
47828,3,000000047828.jpg,318,640,63.89805,0,180.33,160.54,6.83,14.11,1,person,person
183716,3,000000183716.jpg,500,353,64679.16705,0,148.31,14.61,203.38,468.54,1,person,person
11051,6,000000011051.jpg,536,640,130170.7417,0,7.23,2.41,386.64,525.16,1,person,person
360960,1,000000360960.jpg,640,426,6870.63555,0,324.15,191.98,72.45,267.47,1,person,person
360097,1,000000360097.jpg,333,500,26866,1,0,0,488,158,33,accessory,suitcase
454750,3,000000454750.jpg,427,640,59604.9164,0,235.62,168.06,346.22,258.94,24,animal,zebra
506656,3,000000506656.jpg,480,640,16922.417,0,167.96,116.96,325.23,296.39,19,animal,horse
341719,3,000000341719.jpg,480,640,160.7525,0,401.85,255.92,11.95,28.97,1,person,person
78959,4,000000078959.jpg,640,384,568.7401,0,263.84,45.63,31.41,44.42,52,food,banana
43816,3,000000043816.jpg,426,640,1367.87725,0,480.72,227.78,46.57,47.11,40,sports,baseball glove
455555,1,000000455555.jpg,550,640,6994.54995,0,155.73,402.72,150.79,133.48,41,sports,skateboard
473118,1,000000473118.jpg,500,346,1269.4645,0,68.89,306.68,90.28,80.34,41,sports,skateboard
532493,3,000000532493.jpg,408,640,5600.1344,0,130.43,53.74,98.02,152.22,42,sports,surfboard
156643,1,000000156643.jpg,480,640,1355.08625,0,475.92,126.9,33.3,66.6,1,person,person
441286,5,000000441286.jpg,493,640,1560.16115,0,225.95,274.02,79.22,28.32,42,sports,surfboard
193348,3,000000193348.jpg,640,426,174160.1148,0,0,77.66,426,550.83,1,person,person
106235,1,000000106235.jpg,480,640,285.32235,0,110.56,270.59,32.01,10.51,75,electronic,remote
341681,1,000000341681.jpg,427,640,1708.7457,0,407.62,93.53,60.01,58.75,43,sports,tennis racket
343524,1,000000343524.jpg,447,640,2115.7698,0,206.28,200.91,117.11,33.46,43,sports,tennis racket
388056,4,000000388056.jpg,332,500,1248.5773,0,108.21,4.92,34.43,67.22,1,person,person
259690,3,000000259690.jpg,480,640,5258,1,27,98,225,114,1,person,person
205105,4,000000205105.jpg,428,640,2329,1,169,20,468,302,37,sports,sports ball
519522,4,000000519522.jpg,640,427,131.0609,0,369.81,400.89,9.09,17.61,85,indoor,clock
392228,1,000000392228.jpg,640,480,9826.81095,0,181.26,413.76,118.41,107.19,85,indoor,clock
570169,3,000000570169.jpg,640,423,64277.468,0,41.71,2.64,379.68,336.54,88,indoor,teddy bear
224807,3,000000224807.jpg,428,640,23380,1,0,19,639,150,1,person,person
10977,2,000000010977.jpg,375,500,1403.9371,0,343.54,213.86,74.86,39.61,81,appliance,sink
32285,1,000000032285.jpg,423,640,11664.04635,0,72.07,231.36,93.65,170.34,70,furniture,toilet
131273,3,000000131273.jpg,640,480,137612.2043,0,120.24,0.32,359.76,596.04,18,animal,dog
177934,1,000000177934.jpg,480,640,143.298,0,422.2,153.28,17.91,12.48,8,vehicle,truck
571718,1,000000571718.jpg,427,640,45451,1,126,139,350,215,52,food,banana
134886,4,000000134886.jpg,480,640,46.55625,0,600.49,369.32,11.33,11.39,1,person,person
287545,5,000000287545.jpg,480,640,30881.7406,0,63.17,110.38,346.26,245.34,25,animal,giraffe
60347,2,000000060347.jpg,640,480,20107.3663,0,135.41,290.18,318.94,262.46,15,outdoor,bench
296224,1,000000296224.jpg,480,640,1078.4907,0,81.61,193.89,35.3,45.15,3,vehicle,car
284296,1,000000284296.jpg,427,640,5978.5774,0,97.44,124.28,122.27,110.81,25,animal,giraffe
221017,2,000000221017.jpg,480,640,15618.9942,0,242.67,226.85,195.46,202.27,16,animal,bird
78843,6,000000078843.jpg,480,640,6146.99935,0,424.79,349.03,88.96,130.97,32,accessory,tie
138492,3,000000138492.jpg,640,427,5422.0437,0,89.09,93.17,135.3,60.62,34,sports,frisbee
439522,3,000000439522.jpg,640,428,83160.5481,0,41.71,24.45,386.29,581.03,1,person,person
194471,3,000000194471.jpg,500,334,3983.96185,0,129.68,309.63,128.34,53.47,41,sports,skateboard
2261,1,000000002261.jpg,427,640,1502.03245,0,265.07,250.65,86.68,45.47,42,sports,surfboard
425702,2,000000425702.jpg,316,640,3860.98285,0,236.78,134.34,148.51,52.94,42,sports,surfboard
246968,3,000000246968.jpg,428,640,96.8889,0,145.02,293.36,15.62,10.82,81,appliance,sink
536947,3,000000536947.jpg,480,640,177.386,0,173.3,370.84,21.23,17.27,44,kitchen,bottle
76731,2,000000076731.jpg,406,640,150970.7802,0,50.18,31.02,551.98,315.68,73,electronic,laptop
433980,3,000000433980.jpg,500,375,130812.2355,0,2.25,1.69,349.1,492.12,1,person,person
517687,3,000000517687.jpg,360,640,120125.1394,0,0,1.41,640,354.37,67,furniture,dining table
131431,6,000000131431.jpg,640,425,8676.1381,0,150.83,238.58,95.48,151.93,85,indoor,clock
507235,3,000000507235.jpg,612,612,338562.444,0,0,55.68,610.63,556.32,67,furniture,dining table
493286,1,000000493286.jpg,359,640,153.06695,0,122.39,165.58,15.19,35.33,1,person,person
345027,1,000000345027.jpg,403,640,1569,1,462,267,130,29,1,person,person
581615,4,000000581615.jpg,640,478,34120.51835,0,139.32,386.03,191.56,235.1,70,furniture,toilet
230008,1,000000230008.jpg,360,640,835.1501,0,446.39,99.56,49.14,51.46,1,person,person
102356,1,000000102356.jpg,640,427,80382.85295,0,14.41,166.49,366.13,462.7,4,vehicle,motorcycle
452122,5,000000452122.jpg,427,640,25128.07305,0,78.68,132.66,464.43,138.17,5,vehicle,airplane
381639,3,000000381639.jpg,640,584,174.1825,0,221.2,52.32,12.18,19.97,27,accessory,backpack
187144,1,000000187144.jpg,480,640,27.04155,0,406.64,260.15,7.97,17.43,31,accessory,handbag
273198,3,000000273198.jpg,375,500,5502.25635,0,73.89,76.77,51.73,134.85,11,outdoor,fire hydrant
267434,1,000000267434.jpg,480,640,7382.87615,0,518.77,217.94,120.12,114.75,21,animal,cow
471087,2,000000471087.jpg,500,409,111846.4525,0,14.57,27.04,394.43,465.24,1,person,person
358525,3,000000358525.jpg,480,640,9325.5875,0,296.63,206.02,241.62,78.74,33,accessory,suitcase
49269,1,000000049269.jpg,640,431,76085.68655,0,90.84,27.53,337.2,474.84,19,animal,horse
519688,3,000000519688.jpg,640,521,58388.5598,0,2.22,313.54,326.57,324.74,23,animal,bear
215245,4,000000215245.jpg,480,640,6176.5616,0,324.57,309.19,80.37,102.67,24,animal,zebra
91921,5,000000091921.jpg,480,640,9005.02675,0,72.41,295.97,160.88,96.73,24,animal,zebra
67310,1,000000067310.jpg,640,486,1707.56685,0,121.8,287.82,106.96,96.95,41,sports,skateboard
442323,3,000000442323.jpg,480,640,3917.1202,0,1.25,322.91,34.91,150.86,33,accessory,suitcase
351823,3,000000351823.jpg,640,508,1455.3142,0,121.15,280.41,25.5,79.69,43,sports,tennis racket
1000,4,000000001000.jpg,480,640,1379.3068,0,349.49,118.71,52.64,41.13,1,person,person
222455,1,000000222455.jpg,612,612,142690.0265,0,22.72,296.15,548.38,296.91,78,appliance,microwave
462629,2,000000462629.jpg,426,640,9138.0351,0,72.87,233.52,82.83,115.59,82,appliance,refrigerator
334309,1,000000334309.jpg,427,640,2953.9378,0,249.53,218.38,102.2,52.85,54,food,sandwich
452084,4,000000452084.jpg,639,640,10911.41455,0,289.53,165.37,156.04,197.95,58,food,hot dog
301718,4,000000301718.jpg,640,480,601.7358,0,43.97,227.48,58.62,50.1,48,kitchen,fork
17379,1,000000017379.jpg,640,478,2145.58785,0,157.76,242.73,40.1,71.56,1,person,person
86220,6,000000086220.jpg,428,640,38906.8399,0,33.73,145.06,479.66,118.07,7,vehicle,train
508602,3,000000508602.jpg,429,500,365.6148,0,473.95,239.1,26.05,22.38,3,vehicle,car
538364,4,000000538364.jpg,480,640,4095.49615,0,480.18,155.58,76.1,85.07,3,vehicle,car
149406,1,000000149406.jpg,638,640,56100.3767,0,86.02,364.26,402.87,235.13,4,vehicle,motorcycle
103548,1,000000103548.jpg,480,640,2470,1,143,209,268,52,20,animal,sheep
469652,3,000000469652.jpg,439,640,102925.6783,0,0,29.56,572.57,409.44,25,animal,giraffe
372317,6,000000372317.jpg,428,640,211.66345,0,14.97,174.63,11.35,22.7,14,outdoor,parking meter
177893,6,000000177893.jpg,428,640,54884.7892,0,70.21,143.55,462.63,137.54,6,vehicle,bus
479099,3,000000479099.jpg,480,640,1589.88215,0,383.53,167.95,62.82,35.36,15,outdoor,bench
263594,3,000000263594.jpg,381,500,1734.0935,0,16.37,148.31,67.04,39.25,8,vehicle,truck
138979,4,000000138979.jpg,426,640,169.04495,0,182.89,204.41,16.65,17.58,1,person,person
113051,4,000000113051.jpg,480,640,49892.7721,0,34.59,198.38,411.9,183.78,9,vehicle,boat
475732,5,000000475732.jpg,480,640,177711.7334,0,2.06,122.84,637.94,357.16,17,animal,cat
23230,3,000000023230.jpg,480,640,202.07835,0,4.44,234.29,32.99,8.67,16,animal,bird
73702,3,000000073702.jpg,640,464,75791.24355,0,1.66,147.95,227.74,468.78,1,person,person
521141,4,000000521141.jpg,500,375,54.54745,0,115.05,245.04,8.62,7.63,3,vehicle,car
493613,6,000000493613.jpg,425,640,10080.95955,0,231.58,180.41,335.46,97.01,41,sports,skateboard
463522,2,000000463522.jpg,480,640,1836,1,375,205,97,58,1,person,person
456015,1,000000456015.jpg,427,640,2695.0075,0,405.95,56.43,57.45,117.32,1,person,person
162415,5,000000162415.jpg,640,536,27912.6163,0,271.82,292.83,206.58,234.04,40,sports,baseball glove
377113,1,000000377113.jpg,427,640,944.3681,0,86.93,0.21,25.62,58.1,1,person,person
79651,4,000000079651.jpg,478,640,18588.5486,0,179.38,365.48,312.58,108.49,52,food,banana
104669,2,000000104669.jpg,375,500,667.86315,0,196.2,204.15,25.88,42.71,57,food,carrot
512776,3,000000512776.jpg,356,500,5677.12,0,132.8,20,102.4,73.6,40,sports,baseball glove
73946,5,000000073946.jpg,428,640,63701.1711,0,360.36,68.75,279.64,353.71,1,person,person
230819,5,000000230819.jpg,432,640,763.8116,0,220.8,265.89,72.76,18.52,42,sports,surfboard
27696,1,000000027696.jpg,410,640,3778.805,0,262.61,19.91,182.71,54.08,49,kitchen,knife
541123,3,000000541123.jpg,427,640,52328,1,1,0,638,261,1,person,person
474078,5,000000474078.jpg,480,640,2344.13435,0,592.21,0,34.91,87.27,1,person,person
346638,3,000000346638.jpg,480,640,27456.86025,0,128.36,304.18,343.01,130.52,76,electronic,keyboard
288391,5,000000288391.jpg,640,427,39650.26615,0,10.04,47.35,154.98,299.91,77,electronic,cell phone
173057,3,000000173057.jpg,640,480,2853,1,21,452,219,52,1,person,person
343934,4,000000343934.jpg,480,640,43522.80595,0,175.14,175.68,321.08,240,4,vehicle,motorcycle
77396,1,000000077396.jpg,480,640,3365.78045,0,564.77,307,75.23,56.39,84,indoor,book
101787,3,000000101787.jpg,640,457,431.79045,0,182.12,281.4,39.47,33.31,5,vehicle,airplane
511999,3,000000511999.jpg,446,640,2444.22435,0,214.82,195.64,29.27,132.33,1,person,person
407083,3,000000407083.jpg,640,480,165198.8713,0,0,1.66,480,623.38,3,vehicle,car
561335,2,000000561335.jpg,376,500,7781.2605,0,209.92,69.13,115.5,96.95,9,vehicle,boat
415748,5,000000415748.jpg,640,426,51643.68715,0,34.08,280.87,266.08,334.87,22,animal,elephant
460927,3,000000460927.jpg,360,640,63013.53615,0,112.7,61.22,368.92,248.1,23,animal,bear
139883,2,000000139883.jpg,427,640,743.7397,0,74.72,406.6,97.46,20.4,34,sports,frisbee
317433,6,000000317433.jpg,427,640,12937.48565,0,29.67,138.56,93.92,242.81,1,person,person
100510,4,000000100510.jpg,400,600,631.05195,0,325.12,188.43,25.12,44.95,62,furniture,chair
140270,4,000000140270.jpg,400,600,3781.33955,0,291.88,61.56,59.64,161.63,1,person,person
326542,4,000000326542.jpg,480,640,48.6828,0,192.09,265.57,8.16,11.79,1,person,person
23781,4,000000023781.jpg,427,640,804.06775,0,483.69,381.8,35.47,45.09,57,food,carrot
92177,1,000000092177.jpg,640,626,4964.4807,0,186.18,231.06,157.92,59.85,42,sports,surfboard
74200,4,000000074200.jpg,480,640,138.3726,0,389.54,347.92,15.23,18.34,1,person,person
234779,4,000000234779.jpg,427,640,24002.4475,0,87.12,85.21,197.23,145.52,54,food,sandwich
485130,1,000000485130.jpg,467,640,32037.9826,0,0,30.22,640,436.57,67,furniture,dining table
35062,4,000000035062.jpg,640,425,1238.46305,0,155.75,68.69,44.16,38.22,1,person,person
400922,1,000000400922.jpg,480,640,3452.3816,0,285.84,289.08,66.88,65.8,85,indoor,clock
419974,2,000000419974.jpg,640,426,7801.9215,0,0,274.51,98.95,119.7,79,appliance,oven
54654,1,000000054654.jpg,640,407,40457.8926,0,1.68,414.26,218.24,222.03,79,appliance,oven
309391,4,000000309391.jpg,384,640,1981,1,5,109,577,84,10,outdoor,traffic light
382122,3,000000382122.jpg,640,424,482.4573,0,202.99,231.3,27.96,22.72,85,indoor,clock
234807,5,000000234807.jpg,462,640,2064.8586,0,3.17,238.5,83.77,52.6,19,animal,horse
60835,2,000000060835.jpg,480,640,47818.7593,0,1.19,294.91,365.03,180.15,65,furniture,bed
417043,1,000000417043.jpg,480,640,37810.5789,0,0,224.36,250.25,250.25,15,outdoor,bench
361571,1,000000361571.jpg,425,640,118033.2319,0,255.52,7.31,384.48,412.96,18,animal,dog
433774,1,000000433774.jpg,427,640,63.8767,0,59.12,77.1,6.2,11.06,10,outdoor,traffic light
201025,4,000000201025.jpg,604,400,55300.88625,0,78.72,33.37,296.18,444.4,22,animal,elephant
488251,3,000000488251.jpg,360,640,531.21585,0,97.88,163.11,22.31,39.96,6,vehicle,bus
427160,1,000000427160.jpg,512,640,187.98335,0,398.59,422,13.3,28.59,40,sports,baseball glove
434204,5,000000434204.jpg,333,500,8974.29935,0,244.78,0,77.84,153.09,1,person,person
499109,1,000000499109.jpg,640,480,80971.822,0,20.04,90.34,366.54,329.31,54,food,sandwich
148957,1,000000148957.jpg,480,640,32409.9307,0,47.1,272.95,219.26,186.4,60,food,donut
201426,1,000000201426.jpg,490,640,725.6657,0,380.05,262.28,55.78,109.6,62,furniture,chair
445999,3,000000445999.jpg,640,411,1034.5492,0,139.51,366.06,39.62,54.42,90,indoor,toothbrush
405970,3,000000405970.jpg,427,640,13133.492,0,0,287.9,164.15,139.1,62,furniture,chair
557916,1,000000557916.jpg,426,640,3852.01545,0,400.15,0.96,66.06,74.67,86,indoor,vase
196141,1,000000196141.jpg,429,640,670.34685,0,357.64,81.62,40.87,41.74,3,vehicle,car
154644,1,000000154644.jpg,500,500,24513.721,0,385.52,82.7,114.48,322.25,1,person,person
286908,2,000000286908.jpg,640,640,133708,1,57,0,582,639,51,kitchen,bowl
461751,4,000000461751.jpg,569,640,48168.33635,0,464.34,120.29,175.66,448.71,1,person,person
466986,3,000000466986.jpg,478,640,1559.78705,0,349.26,409.01,118.63,26.43,51,kitchen,bowl
229358,4,000000229358.jpg,423,640,387.2074,0,369.68,280.03,22.21,81.32,90,indoor,toothbrush
567197,7,000000567197.jpg,407,500,3612.7974,0,427.5,258.43,72.5,80.07,8,vehicle,truck
206487,4,000000206487.jpg,480,640,21173.60985,0,550.76,170.95,89.24,309.05,8,vehicle,truck
565012,3,000000565012.jpg,425,640,21.57315,0,36.72,218.38,4.09,8.35,14,outdoor,parking meter
563603,5,000000563603.jpg,640,459,631.048,0,247.11,236.57,53.34,55.47,25,animal,giraffe
12062,4,000000012062.jpg,427,640,1546.9757,0,601.58,58.61,38.42,73.25,37,sports,sports ball
360325,3,000000360325.jpg,428,640,10879,1,0,29,402,114,20,animal,sheep
213605,4,000000213605.jpg,640,480,500.84085,0,102.83,448.38,34.4,31.05,1,person,person
389532,4,000000389532.jpg,421,640,37.5228,0,593.62,343.89,8.86,6.85,9,vehicle,boat
124636,4,000000124636.jpg,480,640,3282.93915,0,524.04,65,48.9,103.37,21,animal,cow
78565,7,000000078565.jpg,499,640,2412,1,96,222,525,64,1,person,person
105923,2,000000105923.jpg,468,640,69.2962,0,224.83,188.03,5.1,28.13,1,person,person
166642,4,000000166642.jpg,480,640,91863.05445,0,50.58,57.04,486.46,272.29,22,animal,elephant
491613,3,000000491613.jpg,640,480,22227.53855,0,40.9,30.97,223.89,228.39,24,animal,zebra
48555,1,000000048555.jpg,465,640,268.33735,0,238.89,225.29,19.4,30.59,1,person,person
61584,4,000000061584.jpg,375,500,1029.30635,0,0,167.79,36.64,67.64,62,furniture,chair
244099,3,000000244099.jpg,428,640,1576.38025,0,184.89,98.34,44.93,83.86,1,person,person
500270,5,000000500270.jpg,425,640,137.29725,0,182.77,218,16.84,19.04,1,person,person
544444,4,000000544444.jpg,640,427,1453.7401,0,89.22,507.08,136.25,36.84,35,sports,skis
90956,4,000000090956.jpg,427,640,192.49205,0,278.83,236.1,41.78,14.64,35,sports,skis
3553,5,000000003553.jpg,427,640,11683.2332,0,186.69,262.44,180.95,109.14,41,sports,skateboard
278705,4,000000278705.jpg,480,640,11730.61385,0,360.62,117.73,150.51,217.81,1,person,person
187990,1,000000187990.jpg,375,500,935.1416,0,333.49,175.45,41.51,47.93,41,sports,skateboard
45090,3,000000045090.jpg,259,500,338.4805,0,174.99,88.85,30.69,24.11,1,person,person
396729,1,000000396729.jpg,425,640,9163.4331,0,404.37,0,191.03,58.42,51,kitchen,bowl
347174,3,000000347174.jpg,640,427,48851.00945,0,166.83,53.21,253.13,366.75,1,person,person
341196,3,000000341196.jpg,451,640,542.49875,0,179.45,213.01,59.9,25.43,42,sports,surfboard
329455,1,000000329455.jpg,480,640,4263.33885,0,573.85,285.06,66.15,90.07,1,person,person
302990,3,000000302990.jpg,427,640,395.01495,0,523.28,53.46,38.65,21.04,42,sports,surfboard
117719,5,000000117719.jpg,425,640,47024,1,6,75,474,263,44,kitchen,bottle
203931,4,000000203931.jpg,640,428,118012,1,0,0,427,451,1,person,person
555972,3,000000555972.jpg,640,480,1621.5932,0,276.63,377.77,111.63,24.63,84,indoor,book
285349,1,000000285349.jpg,375,500,112406.5984,0,21.91,33.57,403.65,341.43,86,indoor,vase
563882,1,000000563882.jpg,425,640,5509.93045,0,181.04,98.25,80.58,121.43,1,person,person
483999,3,000000483999.jpg,428,640,1841,1,251,176,109,122,47,kitchen,cup
506310,1,000000506310.jpg,425,640,1450.9286,0,98.36,378.87,53.77,46.13,44,kitchen,bottle
7574,4,000000007574.jpg,480,640,645.47995,0,240.83,57.72,26.17,35.98,86,indoor,vase
527220,1,000000527220.jpg,169,500,10674.875,0,395.5,5.5,102.5,160,4,vehicle,motorcycle
138550,2,000000138550.jpg,428,640,11481.47725,0,167.35,45.2,150.04,198.13,67,furniture,dining table
480842,1,000000480842.jpg,590,640,10333.1438,0,67.38,210.89,89.19,273.61,25,animal,giraffe
546556,3,000000546556.jpg,301,640,233.3609,0,611.62,218.36,25.86,12.59,20,animal,sheep
442456,4,000000442456.jpg,356,640,54781.20325,0,204.68,72.55,410.16,172.82,8,vehicle,truck
151480,4,000000151480.jpg,480,640,424.84515,0,240.74,44.83,21.07,69.64,1,person,person
532575,1,000000532575.jpg,427,640,115138.2227,0,1.91,0.57,638.09,421.26,9,vehicle,boat
489014,1,000000489014.jpg,480,640,399.1285,0,98.11,250.1,30.91,34.2,1,person,person
203580,2,000000203580.jpg,427,640,4181.06165,0,339.86,226.72,209.74,41.61,67,furniture,dining table
28449,1,000000028449.jpg,427,640,8165.0208,0,404.48,35.04,209.23,92.85,22,animal,elephant
381971,1,000000381971.jpg,427,640,453.9224,0,319.52,342.81,19.47,36.58,1,person,person
396863,6,000000396863.jpg,426,640,143.48975,0,227.17,279.77,14.42,15.27,1,person,person
476770,4,000000476770.jpg,426,640,100009,1,1,1,638,165,1,person,person
312720,4,000000312720.jpg,427,640,313.32555,0,382.97,285.07,66.24,30.03,35,sports,skis
311950,3,000000311950.jpg,640,448,34227.67115,0,153.48,170.07,141.41,286.77,58,food,hot dog
177357,3,000000177357.jpg,396,640,20260.1268,0,216.16,153.35,314.5,154.14,42,sports,surfboard
304812,1,000000304812.jpg,640,428,8.47985,0,309.86,353.43,4.4,2.96,1,person,person
333237,3,000000333237.jpg,409,640,1764.54545,0,399.3,181.53,68.23,85.75,62,furniture,chair
1503,2,000000001503.jpg,240,320,108.2469,0,305.55,154.39,14.4,9.66,74,electronic,mouse
341828,3,000000341828.jpg,612,612,30282.13475,0,37.65,440.64,249.52,166.04,54,food,sandwich
232649,1,000000232649.jpg,500,375,6705.0398,0,5.02,0,86.52,108.05,1,person,person
575187,3,000000575187.jpg,375,500,1641.1681,0,64.04,289.94,69.95,37.93,84,indoor,book
484893,1,000000484893.jpg,428,640,11029.84175,0,362.43,1,183.79,139.93,20,animal,sheep
417876,1,000000417876.jpg,375,500,202.27735,0,390.96,125.35,25.71,15.1,16,animal,bird
21604,1,000000021604.jpg,640,512,151641.4387,0,41.71,47.46,438.65,581.03,1,person,person
455157,3,000000455157.jpg,640,640,779.5992,0,274.72,272.47,66.34,26.65,73,electronic,laptop
530162,2,000000530162.jpg,427,640,383.5934,0,123.31,205.1,19.29,35.11,1,person,person
273232,1,000000273232.jpg,425,640,4.15035,0,103.48,215.42,2.48,2.84,38,sports,kite
292330,2,000000292330.jpg,512,640,5061.7945,0,135.08,279.65,381.64,30.57,39,sports,baseball bat
547502,2,000000547502.jpg,480,640,991.2474,0,466.49,276.6,32.29,44.75,34,sports,frisbee
481582,3,000000481582.jpg,427,640,9768.33895,0,306.81,149.39,152.87,182.4,1,person,person
188465,4,000000188465.jpg,454,640,112696,1,0,0,639,218,1,person,person
191761,4,000000191761.jpg,375,500,6126.28705,0,378.74,199.01,117.31,84.63,55,food,orange
434459,5,000000434459.jpg,457,640,524,1,329,202,35,19,62,furniture,chair
161799,3,000000161799.jpg,427,640,175.0674,0,301.31,240.12,12.99,38.95,1,person,person
80273,2,000000080273.jpg,428,640,7880.98725,0,109.89,377.87,381.73,50.13,36,sports,snowboard
120853,1,000000120853.jpg,428,640,143.1234,0,497.32,188.65,25.39,8.14,57,food,carrot
256518,1,000000256518.jpg,426,640,15664.5613,0,94.67,145.16,227.2,151.46,54,food,sandwich
252701,2,000000252701.jpg,378,640,115.97585,0,336.01,64.13,32,10.1,42,sports,surfboard
494913,2,000000494913.jpg,428,640,7154,1,517,153,108,83,84,indoor,book
68765,4,000000068765.jpg,480,640,16986.79135,0,1.24,57.35,155.44,141.76,74,electronic,mouse
425925,3,000000425925.jpg,468,640,241.0884,0,139.7,424.52,9.04,36.99,1,person,person
174371,3,000000174371.jpg,511,640,30379.5507,0,1.15,143.54,133.2,345.64,1,person,person
372718,6,000000372718.jpg,638,640,28575.2991,0,260.12,396.33,138.35,233.97,86,indoor,vase
512476,3,000000512476.jpg,426,640,10487.39575,0,137.51,255.55,261.56,65.39,81,appliance,sink
357737,1,000000357737.jpg,480,640,26.1642,0,167.74,95.12,5.46,8.12,1,person,person
289992,6,000000289992.jpg,424,640,23007.071,0,31.65,300.16,251.05,123.84,81,appliance,sink
410878,2,000000410878.jpg,427,640,155.31945,0,546.72,150.65,32.24,13.26,15,outdoor,bench
341058,2,000000341058.jpg,640,359,2111.68835,0,279.04,506.44,78.42,34.82,62,furniture,chair
466339,3,000000466339.jpg,640,359,7975.4798,0,14.32,501.26,143.17,104.52,17,animal,cat
410712,4,000000410712.jpg,426,640,37.8137,0,104.72,408.94,8.1,9.64,1,person,person
474164,2,000000474164.jpg,640,633,2401.75215,0,28.44,378.62,93.42,49.47,3,vehicle,car
416837,5,000000416837.jpg,427,640,4706.61855,0,109.6,243.92,108.67,87.62,21,animal,cow
565962,1,000000565962.jpg,322,479,15347.4732,0,24.32,132.07,134.16,184.48,1,person,person
61960,1,000000061960.jpg,371,640,75767.75475,0,0.96,129.13,639.04,241.87,65,furniture,bed
258541,3,000000258541.jpg,448,336,69430.5107,0,19.04,29.16,242.54,413.93,1,person,person
510329,5,000000510329.jpg,480,640,14659.84225,0,96,88.31,152.1,221.92,1,person,person
82807,2,000000082807.jpg,601,640,14256.55315,0,287.37,483.98,157.59,108.15,61,food,cake
323799,3,000000323799.jpg,480,640,913.07955,0,243.3,163.9,36.84,33.16,34,sports,frisbee
438955,3,000000438955.jpg,303,640,7094,1,66,90,468,85,1,person,person
63047,4,000000063047.jpg,561,640,1890.0671,0,94.53,350.23,50.93,80.04,47,kitchen,cup
364884,5,000000364884.jpg,354,500,43192,1,0,0,499,353,1,person,person
567011,3,000000567011.jpg,426,640,2022.1608,0,399.31,188.62,77.62,82.04,1,person,person
121586,3,000000121586.jpg,478,640,22612,1,34,310,567,155,84,indoor,book
189820,5,000000189820.jpg,427,640,3934.6222,0,20.24,253.65,126.59,61.94,84,indoor,book
559348,4,000000559348.jpg,480,640,6707,1,112,122,477,82,1,person,person
276804,2,000000276804.jpg,640,512,1205.0435,0,151.42,379.55,36.37,80.49,1,person,person
87742,5,000000087742.jpg,500,400,4064.17715,0,150.18,377.82,63.91,95.43,86,indoor,vase
482970,1,000000482970.jpg,360,640,942.77435,0,574.79,323.5,42.11,33.95,74,electronic,mouse
802,6,000000000802.jpg,640,424,26261.51705,0,33.08,289.08,126.56,231.55,79,appliance,oven
456662,1,000000456662.jpg,612,612,41379.4524,0,228.98,110.75,138.88,490.27,1,person,person
375078,2,000000375078.jpg,640,480,21049.20645,0,209.81,213.58,76.98,418.12,44,kitchen,bottle
489091,3,000000489091.jpg,448,336,4009.0466,0,143.92,296.86,106.86,53.43,81,appliance,sink
383443,3,000000383443.jpg,427,640,180.715,0,141.67,237.21,32.79,10.75,75,electronic,remote
304560,6,000000304560.jpg,425,640,71184.80495,0,0,101.15,452.3,319.43,17,animal,cat
312340,6,000000312340.jpg,425,640,38731.4308,0,139.84,111.51,266.88,232.15,17,animal,cat
420472,2,000000420472.jpg,373,640,31723.816,0,4.19,47.78,308.46,320.19,25,animal,giraffe
142472,4,000000142472.jpg,480,640,1492.79055,0,463.66,364.74,60.15,36.16,8,vehicle,truck
151657,6,000000151657.jpg,640,385,91223.8167,0,10.09,16.58,204.68,616.93,1,person,person
134722,4,000000134722.jpg,480,640,795.6204,0,0,290.4,43.96,35.34,15,outdoor,bench
217400,4,000000217400.jpg,480,640,78.4261,0,94.37,225.05,9.8,13.83,1,person,person
519338,1,000000519338.jpg,426,640,58063.9677,0,158.94,76.77,326.53,300.58,7,vehicle,train
377882,4,000000377882.jpg,480,640,904.8391,0,186.46,186.48,99.59,15.06,42,sports,surfboard
229221,2,000000229221.jpg,427,640,1414.4416,0,447.78,242.2,75.21,33.58,21,animal,cow
215072,1,000000215072.jpg,451,640,492.58965,0,196.76,416.01,19.92,33.55,44,kitchen,bottle
407002,4,000000407002.jpg,640,480,8032.8827,0,57.08,527.5,313.77,84.04,35,sports,skis
71877,6,000000071877.jpg,640,428,189.7633,0,0,182.67,8.25,26.95,10,outdoor,traffic light
428111,6,000000428111.jpg,429,640,930.01415,0,318.19,304.06,48.5,38.81,2,vehicle,bicycle
581206,4,000000581206.jpg,640,479,53359.63985,0,0,2.53,469.53,215.26,1,person,person
398742,4,000000398742.jpg,640,427,2169.87655,0,13.76,531.22,50.13,65.88,1,person,person
248400,1,000000248400.jpg,427,640,2995.6454,0,194.26,142.99,43.02,121.54,64,furniture,potted plant
498807,2,000000498807.jpg,426,640,9849.1213,0,254.71,286.41,201.11,79.62,42,sports,surfboard
382743,3,000000382743.jpg,480,640,336.0391,0,533.86,325.65,33.02,51.68,38,sports,kite
124442,3,000000124442.jpg,500,375,7769.38885,0,195.13,168.45,89.64,214.05,1,person,person
88345,6,000000088345.jpg,425,640,3262.16925,0,0.47,363.61,65.49,61.39,1,person,person
545100,2,000000545100.jpg,426,640,70.72605,0,350.89,257.9,6.69,14.02,10,outdoor,traffic light
240250,4,000000240250.jpg,612,612,2131.0182,0,250.47,247.97,272.65,120.56,62,furniture,chair
474786,1,000000474786.jpg,500,375,3096.43195,0,0,426.4,52.93,73.6,81,appliance,sink
460967,6,000000460967.jpg,640,604,424.34925,0,509.88,430.76,19.23,29.03,1,person,person
52007,6,000000052007.jpg,640,480,41.2086,0,158.21,264.07,8.03,15.62,32,accessory,tie
278749,1,000000278749.jpg,333,500,6197.57525,0,327.03,122.09,62.33,184.65,1,person,person
401862,4,000000401862.jpg,480,640,11496.856,0,380.69,139.9,160.26,100.98,8,vehicle,truck
155291,3,000000155291.jpg,427,640,66749.67615,0,34.89,81.45,560.16,269.05,17,animal,cat
47585,1,000000047585.jpg,640,424,854.3503,0,240.69,204.83,32.13,130.96,32,accessory,tie
11699,3,000000011699.jpg,640,480,9896.78345,0,8.63,172.58,119.37,231.55,31,accessory,handbag
198489,1,000000198489.jpg,640,428,43072.8708,0,0,415.2,313.53,178.34,28,accessory,umbrella
309938,5,000000309938.jpg,480,640,1914.279,0,537.8,217.01,102.2,31.15,84,indoor,book
82986,2,000000082986.jpg,444,640,7075.5823,0,456.45,76.27,87.15,162.54,1,person,person
252216,1,000000252216.jpg,458,640,55608.1727,0,276.86,36.02,258.33,411.69,19,animal,horse
506279,3,000000506279.jpg,640,640,38919.9552,0,282.06,90.34,143.17,403.76,46,kitchen,wine glass
172935,1,000000172935.jpg,364,488,2023.25365,0,124.93,262.44,132.12,26.06,9,vehicle,boat
447465,3,000000447465.jpg,426,640,1249.48595,0,330.29,388.13,124.57,31.64,35,sports,skis
10995,1,000000010995.jpg,480,640,95589.1089,0,107.38,212.72,532.62,262.01,65,furniture,bed
117744,1,000000117744.jpg,640,359,12412.7123,0,120.27,362.38,114.54,163.22,43,sports,tennis racket
74646,1,000000074646.jpg,640,480,254.93605,0,207.18,474.21,21.4,26.81,62,furniture,chair
187734,3,000000187734.jpg,480,640,2177,1,487,270,57,53,37,sports,sports ball
492110,6,000000492110.jpg,427,640,7647.2304,0,507.75,264.33,81.86,154.87,62,furniture,chair
477805,2,000000477805.jpg,427,640,8930.66115,0,70.98,227.36,179.67,179.68,73,electronic,laptop
243034,1,000000243034.jpg,640,427,70.05685,0,101.6,536.69,5.76,19.53,1,person,person
144333,1,000000144333.jpg,640,426,8974.63265,0,210.82,103.85,166.43,109.98,3,vehicle,car
201775,3,000000201775.jpg,382,500,5506.3429,0,0.9,243.19,144.69,71.74,81,appliance,sink
196754,1,000000196754.jpg,500,375,25566.639,0,215.73,302.07,159.27,197.78,62,furniture,chair
184338,3,000000184338.jpg,427,640,124035.8921,0,16.41,7.62,531.86,413.98,8,vehicle,truck
15497,1,000000015497.jpg,480,640,171088.6338,0,0.14,1.34,639.86,478.66,63,furniture,couch
60823,1,000000060823.jpg,480,640,4480,1,211,119,405,318,16,animal,bird
344268,2,000000344268.jpg,512,640,85608.3428,0,112.76,58.76,329.06,441.81,1,person,person
286503,1,000000286503.jpg,427,640,147.68625,0,299.98,289.13,14.36,18.91,1,person,person
539962,3,000000539962.jpg,480,640,7132.27385,0,407.16,286.45,131.61,100.35,67,furniture,dining table
291619,1,000000291619.jpg,427,640,8627.43595,0,131,129.08,99.52,193.17,1,person,person
330396,1,000000330396.jpg,375,500,175.8351,0,390.51,159.21,14.58,24.73,1,person,person
17115,2,000000017115.jpg,640,443,56492.6457,0,2.48,96.98,204.89,498.68,24,animal,zebra
275392,3,000000275392.jpg,640,480,18242.15085,0,139.25,91.49,200.09,373.94,1,person,person
573258,2,000000573258.jpg,480,640,2386.09715,0,225.66,432.62,157.09,41.15,35,sports,skis
479953,5,000000479953.jpg,393,640,6200.4823,0,86.94,99.14,184.52,159.68,1,person,person
321790,3,000000321790.jpg,427,640,10867.63025,0,276.53,137.73,208.28,159.53,43,sports,tennis racket
463918,2,000000463918.jpg,359,500,31795.6602,0,52.69,34.95,169.27,324.05,1,person,person
186345,3,000000186345.jpg,431,640,1416.26145,0,243,226.87,37.75,65.04,38,sports,kite
528578,3,000000528578.jpg,427,640,7.96795,0,376.67,336.75,4.05,3.49,1,person,person
216296,3,000000216296.jpg,427,640,30.09,0,535.9,154.6,7.5,5.58,85,indoor,clock
482487,3,000000482487.jpg,640,480,1524.3404,0,330.66,383.42,37.7,43.98,85,indoor,clock
402334,3,000000402334.jpg,640,427,393.78755,0,127.83,424.37,15.62,34.54,85,indoor,clock
550714,1,000000550714.jpg,480,640,172330.7926,0,5.38,2.87,633.9,470.31,1,person,person
453302,3,000000453302.jpg,375,500,3422.19845,0,42.78,85.09,95.72,57.09,78,appliance,microwave
464476,3,000000464476.jpg,375,500,22237.675,0,281.13,40.81,165.48,166.35,72,electronic,tv
336232,6,000000336232.jpg,427,640,45150,1,98,1,541,292,3,vehicle,car
136772,2,000000136772.jpg,334,500,23910.18515,0,73.8,30.98,303.48,195.69,55,food,orange
361142,4,000000361142.jpg,640,463,31.93275,0,248.59,492.11,3.67,13.25,1,person,person
118515,1,000000118515.jpg,299,640,25217.40145,0,150.27,199.3,489.73,99.7,15,outdoor,bench
94326,4,000000094326.jpg,500,375,12833.11725,0,38.12,131.91,170.4,301.57,1,person,person
151516,1,000000151516.jpg,427,640,8116.60045,0,202.94,224.98,269.97,89.99,16,animal,bird
15751,1,000000015751.jpg,427,640,1281.575,0,222.88,381.06,47.08,45.94,16,animal,bird
478474,3,000000478474.jpg,640,480,311.29655,0,376.82,331.18,16.64,22.25,8,vehicle,truck
411953,4,000000411953.jpg,375,500,2111.63845,0,313.51,288.37,69.33,86.63,1,person,person
320743,3,000000320743.jpg,360,640,819.6178,0,94.52,32.11,63.66,41.62,22,animal,elephant
453001,1,000000453001.jpg,480,640,14167.3466,0,352.83,109.71,200.73,274.29,1,person,person
521259,4,000000521259.jpg,457,640,8855,1,0,126,630,104,1,person,person
376278,3,000000376278.jpg,427,640,3790.4617,0,598.18,16.83,41.82,108.67,24,animal,zebra
550471,6,000000550471.jpg,425,640,44720.5,0,254,179,333,188,55,food,orange
463542,3,000000463542.jpg,426,640,16282,1,11,0,628,158,1,person,person
455267,1,000000455267.jpg,480,640,719.519,0,159.46,237.02,34.92,34,57,food,carrot
43581,2,000000043581.jpg,427,640,1005.18215,0,456.93,140.23,45.78,69.49,49,kitchen,knife
139684,3,000000139684.jpg,333,500,2242.52745,0,173.55,206.27,96.96,55.23,67,furniture,dining table
549738,1,000000549738.jpg,426,640,286.2868,0,280.26,402.11,33.31,12.49,3,vehicle,car
50638,5,000000050638.jpg,393,640,2481.26605,0,415.49,169.48,72.18,96.14,88,indoor,teddy bear
170595,1,000000170595.jpg,612,612,45056.1773,0,301.24,202.41,288.56,228.32,54,food,sandwich
305609,1,000000305609.jpg,612,612,22205.4251,0,236.9,379.57,170.43,173.77,54,food,sandwich
507081,5,000000507081.jpg,640,640,12150.03645,0,347.43,417.25,88.1,212.78,79,appliance,oven
415194,4,000000415194.jpg,480,640,126.4716,0,172.21,95.21,9.66,16.36,47,kitchen,cup
228436,2,000000228436.jpg,485,640,3451,1,263,125,292,45,3,vehicle,car
350833,1,000000350833.jpg,480,640,9688.39435,0,0,353.33,110.31,124.04,81,appliance,sink
532129,1,000000532129.jpg,427,640,4039.1719,0,28.63,0,184.06,30.14,51,kitchen,bowl
386457,5,000000386457.jpg,640,426,35463.52465,0,123.52,133.28,118.26,384.73,17,animal,cat
383676,5,000000383676.jpg,480,640,8070.93915,0,227.79,183.81,90.35,239.67,25,animal,giraffe
261161,5,000000261161.jpg,426,640,49199.83915,0,0.96,114.57,251.2,280.82,15,outdoor,bench
492282,4,000000492282.jpg,640,480,5169.5745,0,0,262.21,47.67,180.59,1,person,person
391144,3,000000391144.jpg,427,640,4320.8516,0,249.91,226.18,70.19,102.62,22,animal,elephant
568814,1,000000568814.jpg,359,640,942.0264,0,6.83,318.41,92.11,14.64,67,furniture,dining table
181969,3,000000181969.jpg,640,573,54225.2911,0,2.74,0,570.26,626.43,63,furniture,couch
343803,3,000000343803.jpg,640,427,1553.53875,0,213.41,299.58,72.39,33.77,34,sports,frisbee
458325,2,000000458325.jpg,427,640,4537,1,163,171,196,77,3,vehicle,car
213255,4,000000213255.jpg,640,480,4579,1,257,340,115,110,58,food,hot dog
331604,3,000000331604.jpg,427,640,4695.8916,0,295.96,149.79,69.38,141.59,1,person,person
121673,3,000000121673.jpg,375,500,8767.33885,0,177.81,239.91,266.29,49.72,42,sports,surfboard
312489,3,000000312489.jpg,333,500,34.7977,0,194.19,43.13,9.68,4.54,9,vehicle,boat
24144,1,000000024144.jpg,480,640,165792.7982,0,68.36,23.62,493.17,430.54,59,food,pizza
62355,3,000000062355.jpg,428,640,6178.56275,0,302.42,140.71,104.7,175.77,1,person,person
132329,4,000000132329.jpg,640,426,249675.1834,0,2.88,3.24,423.12,631.37,82,appliance,refrigerator
480122,3,000000480122.jpg,640,640,3661.98385,0,217.57,359.3,76.69,70.91,62,furniture,chair
144003,1,000000144003.jpg,375,500,33436.2035,0,123.7,177.27,252.27,192.86,67,furniture,dining table
400367,3,000000400367.jpg,333,500,3078,1,239,212,169,42,3,vehicle,car
192716,2,000000192716.jpg,640,518,216.81245,0,38.89,595.65,14.17,28.7,1,person,person
580418,1,000000580418.jpg,428,640,261.68075,0,108.55,130.91,17.06,38.34,13,outdoor,stop sign
14888,1,000000014888.jpg,480,640,146899.2591,0,0,3.12,639.31,438.36,21,animal,cow
119828,5,000000119828.jpg,375,500,530.6665,0,278.7,153.18,38.25,22.57,74,electronic,mouse
357941,1,000000357941.jpg,375,500,883.8223,0,23.21,211.48,21.18,52.15,77,electronic,cell phone
383921,1,000000383921.jpg,480,640,2144.0015,0,299.1,173.38,111.88,54.79,22,animal,elephant
482800,4,000000482800.jpg,457,640,824.08495,0,476.41,281.97,24.14,50.07,34,sports,frisbee
426203,1,000000426203.jpg,640,426,296.1619,0,199.73,476.86,21.51,30.11,1,person,person
357903,3,000000357903.jpg,640,480,26857.0564,0,73.35,4.31,362.43,90.61,59,food,pizza
370375,4,000000370375.jpg,640,427,2695.9439,0,333.29,312.48,54.89,63.94,37,sports,sports ball
105455,2,000000105455.jpg,640,427,182.2168,0,333.56,517.21,17.43,14.58,3,vehicle,car
507893,2,000000507893.jpg,640,427,1348.5197,0,297.97,390.9,92.34,25.26,81,appliance,sink
154718,1,000000154718.jpg,500,375,34358.1608,0,34.91,326.01,331.08,168.92,1,person,person
479126,4,000000479126.jpg,427,640,3927.99985,0,494.41,220.72,90.34,88.29,62,furniture,chair
197870,3,000000197870.jpg,425,640,40865.81005,0,0.96,130.66,505.4,222.07,15,outdoor,bench
434247,1,000000434247.jpg,482,640,1820,1,297,244,204,61,16,animal,bird
117525,1,000000117525.jpg,500,500,85443.66225,0,150.56,80.71,349.44,413.48,1,person,person
146825,1,000000146825.jpg,309,640,44.90695,0,56.12,165.86,7.82,9.44,31,accessory,handbag
328683,1,000000328683.jpg,640,480,7435.12755,0,169.84,251.88,50.2,247.7,64,furniture,potted plant
119038,3,000000119038.jpg,480,640,2569.21785,0,359.28,205.25,70,66.2,21,animal,cow
149568,2,000000149568.jpg,549,640,899.81065,0,82.24,161.7,48.66,30.46,34,sports,frisbee
377368,4,000000377368.jpg,481,640,5570.4342,0,59.15,223.28,102.6,136.5,67,furniture,dining table
259097,1,000000259097.jpg,333,500,48.1117,0,203.37,120.02,14.44,4.04,34,sports,frisbee
350388,4,000000350388.jpg,640,480,438.70815,0,92.78,290.49,23.06,28.27,56,food,broccoli
19221,1,000000019221.jpg,478,640,62490.6155,0,85.48,128.22,363.28,320.54,56,food,broccoli
473406,5,000000473406.jpg,640,480,1244.6859,0,0,236.21,59.02,35.8,81,appliance,sink
161879,4,000000161879.jpg,569,640,3259.85915,0,10.18,296.26,201.2,58.95,41,sports,skateboard
516318,3,000000516318.jpg,427,640,299.60655,0,346.9,185.35,32.29,19.82,16,animal,bird
160666,4,000000160666.jpg,480,640,26704.69005,0,0,240.02,570.57,171.51,90,indoor,toothbrush
568710,3,000000568710.jpg,427,640,75.04955,0,621.48,114.38,12.63,23.51,84,indoor,book
85911,2,000000085911.jpg,403,640,17782.32975,0,193.51,168.72,247.2,110.8,38,sports,kite
223738,1,000000223738.jpg,640,634,3570.43545,0,1.05,93.44,78.35,144.18,1,person,person
457884,4,000000457884.jpg,458,640,12667.2606,0,276.1,116.69,128.64,267.86,1,person,person
182202,2,000000182202.jpg,385,640,72455.5,0,0,28,640,351,67,furniture,dining table
60449,2,000000060449.jpg,640,480,12042.3435,0,363.53,510.06,115.77,129.94,62,furniture,chair
322968,5,000000322968.jpg,640,480,1869.3555,0,230.45,70.93,48.74,42.95,85,indoor,clock
175443,3,000000175443.jpg,640,480,3129.18645,0,9.9,402.26,39.65,156.53,64,furniture,potted plant
30213,4,000000030213.jpg,449,640,121.0662,0,570.44,80.37,23.42,15.24,53,food,apple
350122,3,000000350122.jpg,480,640,14757,1,236,209,403,163,1,person,person
65485,3,000000065485.jpg,364,640,164553.7615,0,7.36,34.36,632.64,329.64,3,vehicle,car
32941,5,000000032941.jpg,640,458,164.5537,0,225.3,146.03,6.2,29.59,10,outdoor,traffic light
517069,3,000000517069.jpg,480,640,423.3813,0,121.23,241.23,57.39,13.7,8,vehicle,truck
453841,3,000000453841.jpg,339,500,25.2838,0,377.66,189.68,10.26,8.5,3,vehicle,car
478862,3,000000478862.jpg,480,640,5495,1,59,290,415,63,1,person,person
562448,3,000000562448.jpg,480,640,295.48235,0,108.02,205.65,17.53,29.79,1,person,person
322829,4,000000322829.jpg,427,640,72667.89155,0,81.28,47.74,458.76,288.77,15,outdoor,bench
359937,3,000000359937.jpg,480,640,9498.8916,0,565.21,252.07,74.79,142.39,6,vehicle,bus
335177,1,000000335177.jpg,479,640,795.8941,0,338.79,239.87,33.51,34.66,13,outdoor,stop sign
76625,1,000000076625.jpg,480,640,738.5746,0,514.72,334.47,33.07,115.98,1,person,person
57244,6,000000057244.jpg,425,640,115426.862,0,0,2.87,640,329.49,7,vehicle,train
393226,4,000000393226.jpg,480,640,600.0406,0,429.28,202.61,51.36,22.09,3,vehicle,car
430073,3,000000430073.jpg,480,640,1553,1,140,119,132,62,1,person,person
258911,6,000000258911.jpg,426,640,1836.93915,0,316.41,88.01,38.65,85.56,1,person,person
368961,3,000000368961.jpg,480,640,21862.9829,0,0.39,197.41,104.59,282.59,1,person,person
32861,3,000000032861.jpg,640,426,61470.3391,0,86.31,197.93,226.59,442.07,1,person,person
203546,2,000000203546.jpg,457,640,57119.01955,0,230.05,65.76,291.94,250.68,23,animal,bear
355240,2,000000355240.jpg,360,640,49840.5421,0,35.53,209.45,556.37,145.87,63,furniture,couch
504635,1,000000504635.jpg,426,640,1763.3087,0,401.91,231.22,103.52,159.39,24,animal,zebra
568213,1,000000568213.jpg,325,500,711.94065,0,77.89,97.51,40.12,28.98,34,sports,frisbee
409424,6,000000409424.jpg,640,480,240081.9752,0,1.58,57.82,478.42,573.47,67,furniture,dining table
404249,1,000000404249.jpg,640,427,3279.08355,0,89.86,480.91,137.12,78.06,41,sports,skateboard
491130,3,000000491130.jpg,640,443,2140.60355,0,52.49,152.53,62.78,104.91,1,person,person
350679,1,000000350679.jpg,428,640,2702.364,0,334.67,90.79,40.15,121.16,1,person,person
190648,1,000000190648.jpg,480,640,3430.113,0,312.39,226.39,106.94,62.81,62,furniture,chair
195842,1,000000195842.jpg,480,640,53.63875,0,443.02,144.2,7.75,10.57,75,electronic,remote
454067,1,000000454067.jpg,406,500,92.12425,0,351.77,39.48,4.7,23.07,84,indoor,book
383339,1,000000383339.jpg,428,640,198.1337,0,250.39,292.26,21.04,26.84,1,person,person
253433,3,000000253433.jpg,480,640,117334.4522,0,118.23,10.76,402.57,456.15,88,indoor,teddy bear
288430,1,000000288430.jpg,375,500,27.6618,0,124.12,141.42,8.56,5.56,1,person,person
12670,3,000000012670.jpg,428,640,147779,1,1,0,638,427,1,person,person
537270,5,000000537270.jpg,480,640,4842.2248,0,336.26,404.91,118.2,75.09,77,electronic,cell phone
73326,1,000000073326.jpg,480,640,819.91725,0,257.61,277.02,48.9,25.51,51,kitchen,bowl
249129,4,000000249129.jpg,427,640,177.7257,0,587.03,88.65,12.25,22.35,85,indoor,clock
512929,1,000000512929.jpg,612,612,3713.1087,0,335.91,442.11,64.35,131.47,50,kitchen,spoon
32334,1,000000032334.jpg,480,640,1303.06045,0,587.24,129.64,50.28,38.29,3,vehicle,car
295809,3,000000295809.jpg,512,640,18.82445,0,433.43,130.54,3.4,7.13,11,outdoor,fire hydrant
287714,5,000000287714.jpg,480,640,790.8781,0,409.59,288.49,25.67,35.15,47,kitchen,cup
245102,2,000000245102.jpg,427,640,614.75955,0,404.26,143.67,24.94,30.24,10,outdoor,traffic light
307074,1,000000307074.jpg,333,500,185.34745,0,265.17,160.41,8.2,31.14,10,outdoor,traffic light
338191,4,000000338191.jpg,640,635,6508.7527,0,12.06,185.36,88.68,133.02,11,outdoor,fire hydrant
28993,4,000000028993.jpg,612,612,19910.42135,0,238.08,237.76,92.49,299.27,11,outdoor,fire hydrant
227399,2,000000227399.jpg,482,640,3394,1,124,174,352,113,1,person,person
546659,2,000000546659.jpg,640,420,104.57895,0,72.58,346.02,7.44,24.19,1,person,person
571008,3,000000571008.jpg,425,640,93513.3712,0,147.08,44.89,345.73,330.45,13,outdoor,stop sign
230450,3,000000230450.jpg,480,640,228.1288,0,361.52,249.79,40.68,15.06,4,vehicle,motorcycle
222317,5,000000222317.jpg,480,640,236.3849,0,0,427.72,19.77,13.67,75,electronic,remote
170278,2,000000170278.jpg,504,640,209052.5324,0,4.52,127.8,634.63,367.95,65,furniture,bed
325991,5,000000325991.jpg,334,500,478.2469,0,319.76,218.69,50.71,15.1,34,sports,frisbee
196442,1,000000196442.jpg,427,640,10.9604,0,341.83,345,4.53,6.29,1,person,person
378515,1,000000378515.jpg,640,425,51123,1,91,13,333,626,52,food,banana
344795,2,000000344795.jpg,361,640,18012.7694,0,225.52,156.57,194.7,107.89,61,food,cake
265777,1,000000265777.jpg,612,612,49577.59335,0,11.63,481.09,554.24,121.02,59,food,pizza
441491,2,000000441491.jpg,480,640,4706.06915,0,283.69,264.27,140.22,76.58,59,food,pizza
372349,1,000000372349.jpg,437,640,19.09545,0,287.23,234.02,5.9,8.14,90,indoor,toothbrush
455937,1,000000455937.jpg,480,640,11830.38475,0,0,200.86,180.58,168.07,62,furniture,chair
166478,1,000000166478.jpg,426,640,1433.5343,0,415.45,276.43,101.61,27.88,84,indoor,book
355610,5,000000355610.jpg,427,640,90394.5469,0,1.92,38.38,355.03,383.82,88,indoor,teddy bear
280918,1,000000280918.jpg,480,640,8467.3809,0,97.34,0.95,222.55,95.78,82,appliance,refrigerator
581317,5,000000581317.jpg,354,640,33684.523,0,409.85,55.93,203.43,298.07,1,person,person
284764,5,000000284764.jpg,427,640,6933.4697,0,109.8,200.56,143.07,221.82,77,electronic,cell phone
570834,3,000000570834.jpg,480,640,246.249,0,192.13,235.64,8.11,50.05,2,vehicle,bicycle
240940,1,000000240940.jpg,500,357,489.8193,0,322.38,182.43,14.27,44.58,84,indoor,book
343496,1,000000343496.jpg,393,640,36.8991,0,619.31,212.81,10.55,4.77,3,vehicle,car
11615,3,000000011615.jpg,640,480,1642.88965,0,289.61,165.63,65.81,37.66,8,vehicle,truck
368038,1,000000368038.jpg,317,640,95325.90145,0,70.52,17.1,562.77,283.52,7,vehicle,train
477623,3,000000477623.jpg,480,640,114809.0704,0,97.08,75.51,457.35,354.87,7,vehicle,train
311392,3,000000311392.jpg,427,640,131457.601,0,0,76.17,547.09,350.83,21,animal,cow
520531,4,000000520531.jpg,480,640,63428,1,386,0,253,325,84,indoor,book
224093,1,000000224093.jpg,316,640,38.79575,0,263.76,127.82,8.05,8.22,21,animal,cow
440171,3,000000440171.jpg,640,411,1545.5313,0,332.33,345.18,51.47,53.91,1,person,person
514979,1,000000514979.jpg,427,640,56813.179,0,452.91,4.86,187.09,407.81,22,animal,elephant
53624,1,000000053624.jpg,427,640,300.36475,0,179.55,1.2,12.8,38.86,1,person,person
310980,6,000000310980.jpg,427,640,55942.1499,0,332.96,152.57,307.04,274.43,88,indoor,teddy bear
9378,2,000000009378.jpg,400,600,466.90755,0,421.38,350.46,20.3,39.07,1,person,person
3255,3,000000003255.jpg,363,640,210.2294,0,242.63,315.44,8.04,41.6,1,person,person
132116,4,000000132116.jpg,612,612,3760.50725,0,410.07,207.68,77.62,68.88,56,food,broccoli
170613,1,000000170613.jpg,640,439,11367.3735,0,263.9,180.15,140.64,271.8,1,person,person
274460,4,000000274460.jpg,454,640,1903.4373,0,7.53,197.21,37.16,94.35,1,person,person
274066,1,000000274066.jpg,427,640,167.60385,0,478.19,122.76,33.9,8.02,42,sports,surfboard
71451,2,000000071451.jpg,640,383,151950.6694,0,1.44,168.03,381.56,464.54,65,furniture,bed
202445,1,000000202445.jpg,612,612,203749.8802,0,11,159.3,580.37,437.34,65,furniture,bed
64523,2,000000064523.jpg,444,640,5755.649,0,298.92,130.94,80.76,136.16,1,person,person
512657,1,000000512657.jpg,427,640,303.08405,0,201.2,54.76,31.57,18.25,75,electronic,remote
302107,2,000000302107.jpg,640,427,12739.41545,0,0,299.62,112.08,273.52,1,person,person
133969,2,000000133969.jpg,427,640,3651,1,57,111,385,208,1,person,person
207306,6,000000207306.jpg,500,375,29510.9362,0,46.07,148.31,222.47,205.62,88,indoor,teddy bear
161642,2,000000161642.jpg,640,480,16087.27155,0,144.14,184.5,145.59,145.59,85,indoor,clock
304396,3,000000304396.jpg,640,425,2242.05765,0,101.15,151.43,39.84,82.12,85,indoor,clock
233370,4,000000233370.jpg,640,427,39087.38445,0,72.19,273.65,299.48,188.6,33,accessory,suitcase
3156,3,000000003156.jpg,640,443,36545.2461,0,255.43,248.26,187.57,367.27,70,furniture,toilet
297147,5,000000297147.jpg,480,640,27.9564,0,24.24,40.92,6.28,6.28,4,vehicle,motorcycle
44590,1,000000044590.jpg,246,640,469.05135,0,464.56,95,21.2,53.93,1,person,person
419201,4,000000419201.jpg,425,640,90.6778,0,49.37,265.92,18.34,8.27,16,animal,bird
126107,4,000000126107.jpg,480,640,111.02565,0,631.33,363.86,8.67,30.37,1,person,person
259382,6,000000259382.jpg,480,640,21439.99785,0,133.75,96.9,290.16,228.67,25,animal,giraffe
558421,4,000000558421.jpg,427,640,3504,1,126,36,501,139,16,animal,bird
16598,3,000000016598.jpg,640,478,197548.3638,0,8.67,17.7,469.33,608.21,1,person,person
179392,3,000000179392.jpg,640,480,97774.50575,0,117.23,42.37,362.77,550.68,17,animal,cat
461036,2,000000461036.jpg,332,500,5077.76565,0,200.84,124.94,107.72,110.82,23,animal,bear
7088,3,000000007088.jpg,640,478,87.334,0,47.29,181.92,11.82,9.81,3,vehicle,car
165500,3,000000165500.jpg,480,640,758.61895,0,175.19,252.02,34.01,26.7,23,animal,bear
499031,3,000000499031.jpg,640,427,36375.25485,0,287.93,146.44,137.64,428.34,1,person,person
50331,1,000000050331.jpg,480,640,99172.29415,0,298.81,90.88,341.19,389.12,64,furniture,potted plant
538458,6,000000538458.jpg,427,640,7836.1475,0,296.47,35.4,101.77,147.13,1,person,person
396200,6,000000396200.jpg,427,640,8410.65445,0,308.86,102.03,81.76,181.75,1,person,person
431693,1,000000431693.jpg,426,640,552.80655,0,108.04,94.68,20.71,53.35,43,sports,tennis racket
489611,3,000000489611.jpg,622,640,3030.64455,0,444.11,343.46,99.25,160.04,75,electronic,remote
234366,1,000000234366.jpg,640,480,1046.72245,0,227.84,232.89,37.1,36.81,85,indoor,clock
154339,1,000000154339.jpg,427,640,12956.28355,0,489.11,256.2,131.98,125.33,85,indoor,clock
31296,1,000000031296.jpg,425,640,747,1,320,103,39,26,62,furniture,chair
404678,1,000000404678.jpg,425,640,5058.64685,0,128.74,109.58,250.3,77.68,63,furniture,couch
398905,4,000000398905.jpg,427,640,52525.5426,0,217.82,31.67,293.62,335.84,1,person,person
2532,3,000000002532.jpg,640,480,371.3505,0,206.17,443.28,60.14,48.68,35,sports,skis
534605,3,000000534605.jpg,400,600,1715.41595,0,372.01,100.51,35.8,82.05,1,person,person
433204,3,000000433204.jpg,480,640,53.9011,0,289.06,255.41,7.35,11.37,1,person,person
354753,3,000000354753.jpg,480,640,329.17395,0,307.43,139.54,18.16,21.59,10,outdoor,traffic light
547383,3,000000547383.jpg,426,640,691.67145,0,493.39,1.16,96.95,9.61,20,animal,sheep
343976,3,000000343976.jpg,375,500,102.1152,0,158.71,273.32,13.15,9.88,3,vehicle,car
507667,3,000000507667.jpg,386,500,30.23075,0,143.49,20.08,8.82,5.84,1,person,person
405306,2,000000405306.jpg,417,640,54315.52935,0,0,234.42,493.5,182.58,65,furniture,bed
154004,3,000000154004.jpg,427,640,19102,1,1,50,445,288,1,person,person
227491,3,000000227491.jpg,480,640,454.8008,0,139.38,256.21,27.91,26.87,54,food,sandwich
91495,3,000000091495.jpg,447,640,3252.90835,0,209.68,124.31,83.66,78.08,40,sports,baseball glove
422886,1,000000422886.jpg,640,640,51579.2873,0,0,446.78,355.6,193.22,63,furniture,couch
407650,1,000000407650.jpg,428,640,525.8717,0,267.29,277.62,96.56,25.12,36,sports,snowboard
378116,4,000000378116.jpg,454,640,1433.486,0,447.84,250.07,59.13,49.01,42,sports,surfboard
68286,4,000000068286.jpg,366,640,118954.8936,0,23.05,46.28,527.73,319.4,65,furniture,bed
92091,1,000000092091.jpg,480,640,19834.625,0,1,370.85,220,107.5,63,furniture,couch
281409,3,000000281409.jpg,427,640,2128.8642,0,296.31,0.66,94.19,54.95,1,person,person
254516,3,000000254516.jpg,427,640,5118.248,0,172.36,215.17,62.27,197.93,1,person,person
452515,1,000000452515.jpg,500,224,927.7257,0,40.88,14.09,40.55,95.99,1,person,person
53909,5,000000053909.jpg,640,480,86108.1338,0,2.88,142.38,477.12,488.99,1,person,person
499266,1,000000499266.jpg,480,640,2030.05415,0,587.46,104.67,51.83,64.79,62,furniture,chair
541634,4,000000541634.jpg,612,612,1725.2088,0,563.71,225.81,40.12,83.3,50,kitchen,spoon
559513,3,000000559513.jpg,421,640,8008.09685,0,0,147.21,80.54,174.71,67,furniture,dining table
412362,4,000000412362.jpg,499,640,1602.44145,0,461.02,363.58,49.32,114.21,46,kitchen,wine glass
70739,1,000000070739.jpg,480,640,4225.31625,0,596.42,204.38,42.69,148.74,1,person,person
210299,4,000000210299.jpg,480,640,9728.50375,0,136.44,183.92,124.45,216.89,2,vehicle,bicycle
402346,4,000000402346.jpg,480,640,2356.54845,0,118.93,276.77,74.35,51.55,86,indoor,vase
527750,3,000000527750.jpg,640,427,658.40575,0,100.54,341.94,30.93,28.53,51,kitchen,bowl
109055,1,000000109055.jpg,480,640,271179.0443,0,2.06,2.06,637.6,471.76,2,vehicle,bicycle
325114,4,000000325114.jpg,480,640,18018.36405,0,69.03,105.71,139.15,184.45,70,furniture,toilet
12667,4,000000012667.jpg,480,640,14720.85215,0,283.84,48.74,163.77,241.29,52,food,banana
42102,4,000000042102.jpg,640,246,70895.23215,0,20.13,6.66,220.17,621.83,1,person,person
571857,4,000000571857.jpg,426,640,17250.96325,0,0,161.07,501.93,130.19,5,vehicle,airplane
269682,5,000000269682.jpg,480,640,330.307,0,201.54,433.19,9.72,36.44,10,outdoor,traffic light
109441,5,000000109441.jpg,480,640,69.38565,0,60.39,419.96,13.51,7.22,3,vehicle,car
72852,2,000000072852.jpg,640,424,7557.3843,0,133.7,444.09,156.15,154.35,2,vehicle,bicycle
192607,5,000000192607.jpg,425,640,5396.94245,0,456.56,223.9,62.06,159.01,1,person,person
525247,3,000000525247.jpg,427,640,128506.9432,0,195.75,22.07,443.31,399.17,73,electronic,laptop
296657,3,000000296657.jpg,427,640,63.02705,0,299.33,197.12,9.59,17.58,32,accessory,tie
262048,3,000000262048.jpg,612,612,62.35565,0,518.51,261.99,8.15,13.11,1,person,person
285,4,000000000285.jpg,640,586,275709.8111,0,1.43,68.81,584.57,563.94,23,animal,bear
269932,1,000000269932.jpg,500,375,75304.35165,0,34.41,45.16,340.59,453.76,62,furniture,chair
68933,3,000000068933.jpg,313,500,18526.11725,0,6.32,58.95,134.04,206.33,24,animal,zebra
242678,2,000000242678.jpg,481,640,1114.7464,0,351.53,163.32,61.73,63.95,1,person,person
13201,3,000000013201.jpg,640,427,3725.12715,0,107.9,427.13,68.08,96.05,41,sports,skateboard
476119,4,000000476119.jpg,427,640,2674.05795,0,268.19,55.85,148.29,39.96,8,vehicle,truck
187055,6,000000187055.jpg,640,425,890.57795,0,278.79,195.88,33.14,32.75,37,sports,sports ball
254368,3,000000254368.jpg,640,392,70937.7884,0,33.15,65.59,358.85,393.51,1,person,person
225757,1,000000225757.jpg,367,500,628.28985,0,80.9,192.63,20.73,42.28,77,electronic,cell phone
281687,3,000000281687.jpg,375,500,60.6273,0,90.04,136.27,12.43,12.2,77,electronic,cell phone
273420,1,000000273420.jpg,400,500,20960.6446,0,2.07,291.88,497.41,103.63,65,furniture,bed
123633,1,000000123633.jpg,480,640,10762.141,0,523.92,377.32,116.08,102.68,51,kitchen,bowl
226984,3,000000226984.jpg,427,640,339.3875,0,501.05,80.12,17.62,24.06,47,kitchen,cup
222825,3,000000222825.jpg,640,427,28597.19265,0,269.09,322.94,157.51,277.07,79,appliance,oven
245764,1,000000245764.jpg,480,640,72983.6324,0,270.88,14.63,312.05,465.37,70,furniture,toilet
26564,3,000000026564.jpg,426,640,547.0566,0,96.41,190.63,24.42,79.26,84,indoor,book
225184,1,000000225184.jpg,640,457,2402.8008,0,268.41,431.35,54.15,69.56,20,animal,sheep
289659,3,000000289659.jpg,426,640,27298.2267,0,201.99,75.63,327.4,292.65,25,animal,giraffe
193717,3,000000193717.jpg,640,521,107.7699,0,340.05,138.15,8.64,20.02,10,outdoor,traffic light
565607,3,000000565607.jpg,313,640,1173.28905,0,356.5,12.16,43.9,33.33,64,furniture,potted plant
65455,2,000000065455.jpg,375,500,13346,1,313,73,186,300,1,person,person
81394,3,000000081394.jpg,480,640,495.4891,0,611.77,179.35,28.23,41.12,4,vehicle,motorcycle
272049,2,000000272049.jpg,427,640,121258.8698,0,51.82,32.33,467.3,384.78,8,vehicle,truck
78426,1,000000078426.jpg,334,500,7068.356,0,267.68,76.08,88.72,89.86,47,kitchen,cup
260261,3,000000260261.jpg,640,426,35.65345,0,396.19,222.47,5.37,8.67,1,person,person
231088,2,000000231088.jpg,640,425,18946.23925,0,235.87,455.91,189.13,172.58,28,accessory,umbrella
100238,4,000000100238.jpg,480,640,4145.0571,0,415.77,98.1,75.64,76.73,34,sports,frisbee
128658,3,000000128658.jpg,427,640,17251.3771,0,375.26,125.49,186.11,178.85,52,food,banana
419379,3,000000419379.jpg,640,427,4740.7423,0,19.52,122.51,118.23,79.95,60,food,donut
55528,2,000000055528.jpg,480,640,89.012,0,524.38,293.89,5.03,26.26,85,indoor,clock
416451,3,000000416451.jpg,480,640,33103,1,479,83,160,391,84,indoor,book
538067,2,000000538067.jpg,375,500,160.21685,0,63.13,313.15,13.36,25.42,1,person,person
17959,1,000000017959.jpg,427,640,23866,1,0,132,639,239,1,person,person
454404,1,000000454404.jpg,529,640,88255.3429,0,416.04,4.82,223.96,513.85,64,furniture,potted plant
541291,3,000000541291.jpg,426,640,1409.2993,0,75.09,266.01,105.96,21.28,81,appliance,sink
323202,3,000000323202.jpg,640,480,188892.7235,0,3.32,46.62,476.68,585.28,70,furniture,toilet
550797,1,000000550797.jpg,640,361,71526.25085,0,51.54,214.9,250.56,390.88,70,furniture,toilet
142324,3,000000142324.jpg,480,640,15889,1,150,179,399,163,1,person,person
338625,2,000000338625.jpg,480,640,33.61805,0,3.3,248.16,6.39,7.63,31,accessory,handbag
47010,1,000000047010.jpg,480,640,1093.79115,0,541.93,359.15,42.83,46.78,21,animal,cow
185157,2,000000185157.jpg,640,426,582.93025,0,57.68,555.67,37.37,19.21,2,vehicle,bicycle
550084,5,000000550084.jpg,375,500,4533.47915,0,0,257.14,87.66,77.92,8,vehicle,truck
225946,4,000000225946.jpg,463,640,846.5514,0,67.17,204.4,31.92,54.4,13,outdoor,stop sign
463618,5,000000463618.jpg,451,640,15289.202,0,234.88,142.6,174.5,245.77,1,person,person
136633,1,000000136633.jpg,640,427,157.4894,0,170.38,253.86,9.46,28.88,1,person,person
490171,4,000000490171.jpg,427,640,2499.6273,0,181.76,281.3,277.94,32.7,42,sports,surfboard
462728,4,000000462728.jpg,427,640,2247.201,0,166.21,215.57,171,55.4,42,sports,surfboard
356125,1,000000356125.jpg,480,640,9800.7338,0,51.16,157.46,175.23,82.72,22,animal,elephant
244592,1,000000244592.jpg,374,500,9743.44265,0,143.1,120.4,121.99,136.96,24,animal,zebra
324715,1,000000324715.jpg,333,500,4065.50795,0,345.72,188.58,133.2,114.49,87,indoor,scissors
89078,5,000000089078.jpg,640,479,2324.92905,0,178.34,555.67,171.57,38.31,36,sports,snowboard
322574,1,000000322574.jpg,480,640,116628.8253,0,1.19,96,638.81,285.63,58,food,hot dog
453040,4,000000453040.jpg,640,480,7463.7968,0,0,290.88,480,109.24,67,furniture,dining table
241668,1,000000241668.jpg,640,460,48111.05655,0,229.14,88.49,158.02,543.61,1,person,person
238013,2,000000238013.jpg,334,500,1011.2838,0,0,202.14,55.52,36.43,43,sports,tennis racket
256775,2,000000256775.jpg,480,640,1625.91565,0,478.81,273.92,26.89,113,1,person,person
331317,1,000000331317.jpg,484,640,602.71735,0,56.99,150.5,20.59,66.22,1,person,person
419653,3,000000419653.jpg,480,640,262.3601,0,337.49,158.05,14.65,24.1,62,furniture,chair
560911,1,000000560911.jpg,640,481,43098.9768,0,0,343.78,164.32,289.73,33,accessory,suitcase
60363,6,000000060363.jpg,480,640,256,1,593,243,46,28,16,animal,bird
109976,3,000000109976.jpg,480,640,130.21735,0,189.69,168.64,6.62,26.87,44,kitchen,bottle
66841,1,000000066841.jpg,500,336,1510.34285,0,224.94,422.37,42.96,56.74,50,kitchen,spoon
92124,1,000000092124.jpg,640,360,883.4076,0,325.26,328.8,23.37,58.03,44,kitchen,bottle
368335,3,000000368335.jpg,640,411,538.06695,0,251.57,247.76,47.13,46.91,3,vehicle,car
578792,2,000000578792.jpg,427,640,18008.68715,0,136.26,77.72,356.95,124.75,1,person,person
2149,5,000000002149.jpg,427,640,39922.19125,0,96.45,94.44,243.14,231.08,53,food,apple
66561,6,000000066561.jpg,427,640,26964.7662,0,53.95,135.41,166.41,256.02,20,animal,sheep
94871,4,000000094871.jpg,640,480,412.06025,0,5.39,0.42,23.48,30.96,31,accessory,handbag
176847,4,000000176847.jpg,480,640,14640.1814,0,246.84,216.62,271.05,143.19,16,animal,bird
14473,4,000000014473.jpg,427,640,307.97145,0,25.96,225.26,13.18,35.79,1,person,person
511398,1,000000511398.jpg,427,640,99363.23185,0,12.03,46.52,514.63,355.69,18,animal,dog
516173,4,000000516173.jpg,640,408,4142.21515,0,170.33,283.54,67.85,162.48,42,sports,surfboard
249550,4,000000249550.jpg,625,415,96888.6688,0,2.81,199.44,254.21,418.54,65,furniture,bed
569972,2,000000569972.jpg,574,640,1935.59265,0,114.35,360.75,104.68,25.53,42,sports,surfboard
416534,3,000000416534.jpg,355,640,4555,1,271,169,112,87,84,indoor,book
80022,1,000000080022.jpg,426,640,298.13325,0,304.92,247.92,19.92,20.62,37,sports,sports ball
257370,1,000000257370.jpg,480,640,51761.3833,0,0,50.98,181.55,422.8,1,person,person
23751,5,000000023751.jpg,640,430,2784.7888,0,187.61,111.77,102.34,73.05,38,sports,kite
179112,5,000000179112.jpg,375,500,82778.0203,0,15.17,1.69,333.71,369.1,1,person,person
546826,2,000000546826.jpg,480,640,56025.7925,0,327.24,1.99,312.76,478.01,87,indoor,scissors
2685,1,000000002685.jpg,555,640,47098.0636,0,161.61,132.67,354.75,414.86,1,person,person
417632,1,000000417632.jpg,480,640,1841.302,0,241.07,333.32,25.8,146.68,44,kitchen,bottle
248111,3,000000248111.jpg,427,640,260.62265,0,311.41,365.83,14.47,22.9,47,kitchen,cup
557258,1,000000557258.jpg,500,331,71015.41815,0,20.18,181.61,275.78,310.54,70,furniture,toilet
485237,4,000000485237.jpg,174,640,156.43585,0,492.89,96.25,15.22,15.79,8,vehicle,truck
208901,4,000000208901.jpg,427,640,7094.8108,0,232.67,148.37,193.32,136.22,5,vehicle,airplane
110721,4,000000110721.jpg,418,640,677.03315,0,223.41,310.23,22.4,52.39,1,person,person
134689,1,000000134689.jpg,640,427,46474.6251,0,38.83,76.22,335.1,501.94,25,animal,giraffe
345261,4,000000345261.jpg,640,585,7614.71645,0,133.93,337.28,108.28,230.96,25,animal,giraffe
509719,6,000000509719.jpg,427,640,16148.58105,0,426.04,1.2,213.02,262.92,16,animal,bird
439593,5,000000439593.jpg,480,640,47.39015,0,75.32,216.71,5.79,13.06,1,person,person
124277,4,000000124277.jpg,481,640,249.44035,0,592.19,300.9,17.04,18.88,3,vehicle,car
426268,3,000000426268.jpg,427,640,1146.04345,0,271.81,122.92,39.21,66.57,1,person,person
129416,5,000000129416.jpg,375,500,911.42185,0,262.25,219.51,45.05,34.31,21,animal,cow
518213,2,000000518213.jpg,480,640,366.8902,0,0,118.54,20.25,30.93,21,animal,cow
419312,4,000000419312.jpg,500,375,1431.4674,0,0,0,24,78.5,47,kitchen,cup
96825,1,000000096825.jpg,503,640,177.38795,0,274.92,380.98,93.02,27.04,35,sports,skis
562229,3,000000562229.jpg,640,640,277.25285,0,501.79,256.09,14.35,30.25,1,person,person
7795,1,000000007795.jpg,427,640,60.952,0,625.52,256.08,14.32,5.17,75,electronic,remote
318238,4,000000318238.jpg,640,478,5813.7985,0,248.02,106.78,109.26,103.47,17,animal,cat
385719,3,000000385719.jpg,421,640,224.50815,0,199.57,256.3,22.61,14.75,74,electronic,mouse
373382,1,000000373382.jpg,640,480,30976,1,214,0,265,360,1,person,person
498032,1,000000498032.jpg,464,640,1463.23605,0,389.1,98.4,37.52,120.07,75,electronic,remote
415716,6,000000415716.jpg,480,640,14754.8471,0,0,379.06,239.41,93.63,63,furniture,couch
429690,3,000000429690.jpg,427,640,1060.93655,0,354.59,234.3,267.99,14.14,15,outdoor,bench
248112,1,000000248112.jpg,480,640,290.52105,0,600.18,257.19,32.87,15.06,43,sports,tennis racket
410735,4,000000410735.jpg,512,640,13206.49445,0,45.22,30.59,151.6,115.7,51,kitchen,bowl
397354,5,000000397354.jpg,480,640,206.2334,0,434.69,162.15,14.65,22.25,46,kitchen,wine glass
579321,5,000000579321.jpg,498,640,31093.79615,0,94.78,0.95,240.66,211.01,1,person,person
376310,6,000000376310.jpg,480,640,480.6082,0,599.46,289.14,27,21.94,70,furniture,toilet
322429,2,000000322429.jpg,640,472,4771.05675,0,151.05,364.84,80.92,77.68,51,kitchen,bowl
404128,3,000000404128.jpg,427,640,23541.39925,0,34.34,147.46,492.69,192.36,5,vehicle,airplane
161044,5,000000161044.jpg,229,640,183.36685,0,361.11,183.01,22.18,22.18,5,vehicle,airplane
248810,4,000000248810.jpg,500,375,92.54435,0,238.41,139.47,7.81,21.78,1,person,person
11511,5,000000011511.jpg,464,640,4610.6455,0,1.27,51.73,61.55,162.56,1,person,person
396903,3,000000396903.jpg,427,640,112.40395,0,260.4,316.7,11.04,14.42,1,person,person
27768,1,000000027768.jpg,612,612,676.86515,0,4.94,373.14,21.96,41.68,1,person,person
418959,5,000000418959.jpg,427,640,2779.19355,0,255.06,150.15,81.54,53.56,16,animal,bird
475150,3,000000475150.jpg,427,640,70225.70105,0,140.09,46.06,499.91,375.18,25,animal,giraffe
337987,3,000000337987.jpg,480,640,60488.15315,0,157.37,56.5,260.55,423.5,16,animal,bird
249643,4,000000249643.jpg,461,640,534.38595,0,352.57,196.47,27.99,27.68,1,person,person
306582,3,000000306582.jpg,480,640,1190.3903,0,378.79,266.59,64.03,60.33,21,animal,cow
147745,4,000000147745.jpg,480,640,44758.08685,0,354.36,129.78,224.98,237.31,8,vehicle,truck
154000,4,000000154000.jpg,480,640,748.6848,0,601.73,268.18,38.02,23.35,8,vehicle,truck
161978,3,000000161978.jpg,433,640,2168,1,482,162,31,93,1,person,person
366711,4,000000366711.jpg,640,427,32815,1,1,160,416,328,55,food,orange
106912,1,000000106912.jpg,612,612,525.2889,0,217.37,382.99,73.22,23.72,41,sports,skateboard
548555,1,000000548555.jpg,426,640,170337.9973,0,0.28,0.31,625.19,425.69,58,food,hot dog
217872,1,000000217872.jpg,500,334,978.5456,0,148.83,179.37,84.21,54.14,36,sports,snowboard
139,2,000000000139.jpg,426,640,2362.48975,0,321.21,231.22,125.56,88.93,67,furniture,dining table
474021,3,000000474021.jpg,375,500,6013,1,265,132,108,160,84,indoor,book
506178,4,000000506178.jpg,500,375,320.19555,0,153.87,248.89,20.27,17.82,75,electronic,remote
159399,2,000000159399.jpg,480,640,2386.0222,0,337.96,278.98,45.18,118.52,1,person,person
109827,6,000000109827.jpg,424,640,31871.6776,0,157.21,128.63,250.59,242.97,88,indoor,teddy bear
89296,1,000000089296.jpg,426,640,810.12715,0,347.22,35.18,50.68,97.28,39,sports,baseball bat
320490,1,000000320490.jpg,426,640,546.02775,0,548.73,173.4,27.77,30.11,37,sports,sports ball
312263,2,000000312263.jpg,640,527,3687.52365,0,229.95,548.59,73.49,64.24,85,indoor,clock
446207,4,000000446207.jpg,480,640,65212.08915,0,108.49,282.43,392.61,187.3,77,electronic,cell phone
175438,5,000000175438.jpg,468,640,2294,1,166,205,178,40,3,vehicle,car
95069,6,000000095069.jpg,450,600,321.8023,0,263.57,218.62,21.9,18.98,85,indoor,clock
161397,3,000000161397.jpg,480,640,9585.7547,0,282.35,0,83.68,180.23,1,person,person
482436,1,000000482436.jpg,401,640,7893.1722,0,336.02,74.67,87.85,150.47,82,appliance,refrigerator
435880,4,000000435880.jpg,480,640,329.05355,0,85.29,369.72,22.2,21.48,73,electronic,laptop
426166,4,000000426166.jpg,332,500,6310.4634,0,105.67,172.78,149.93,123.52,2,vehicle,bicycle
484415,4,000000484415.jpg,240,320,30375.80685,0,0.54,7.57,229.8,229.8,70,furniture,toilet
68093,1,000000068093.jpg,480,640,16767.0208,0,349.48,30.2,113.26,280.45,1,person,person
405432,1,000000405432.jpg,375,500,6379.7367,0,7.48,246.49,100.18,97.89,60,food,donut
296317,3,000000296317.jpg,480,640,473.77725,0,277.99,284.09,32.91,30.09,25,animal,giraffe
202339,4,000000202339.jpg,640,480,504.05635,0,458.51,560.52,21.49,38.12,1,person,person
355817,2,000000355817.jpg,480,640,499.6133,0,411.39,199.95,20.89,37.95,1,person,person
357748,2,000000357748.jpg,480,640,35.9758,0,47.98,193.64,4.18,34.28,1,person,person
423617,4,000000423617.jpg,480,640,3292.2971,0,0,153.35,56.1,68.57,3,vehicle,car
234660,4,000000234660.jpg,480,640,63213.0872,0,35.6,90.43,581.39,234.06,7,vehicle,train
58111,4,000000058111.jpg,490,500,783.67135,0,0,54.66,110.88,12.18,84,indoor,book
389933,4,000000389933.jpg,480,640,157981.905,0,1.03,0,638.97,472.76,63,furniture,couch
493019,2,000000493019.jpg,479,640,15865.68335,0,36.36,158.76,224.04,157.49,24,animal,zebra
153797,6,000000153797.jpg,400,500,10719.97295,0,322.52,107.21,113.52,220.72,1,person,person
263068,3,000000263068.jpg,500,330,7129.94895,0,194.9,43.46,85.62,169.66,1,person,person
403353,4,000000403353.jpg,480,640,6640.9967,0,172.77,306.01,132.52,93.71,84,indoor,book
492758,2,000000492758.jpg,427,640,2825.6321,0,448.48,190.53,66.81,77.25,1,person,person
504389,6,000000504389.jpg,320,500,212.14425,0,100.09,123.33,34.87,15.53,43,sports,tennis racket
411774,3,000000411774.jpg,500,375,63692.41195,0,5.19,71.43,322.08,422.08,1,person,person
506933,3,000000506933.jpg,480,640,9131.5998,0,538.35,161.21,101.65,154.6,62,furniture,chair
368900,1,000000368900.jpg,480,640,7296.2668,0,355.23,287.54,98.87,185.7,62,furniture,chair
206271,3,000000206271.jpg,640,323,9347.1559,0,22.31,301.01,96.88,138.2,70,furniture,toilet
267351,2,000000267351.jpg,426,640,5431.13175,0,434.5,254.54,92.72,75.65,85,indoor,clock
134034,1,000000134034.jpg,500,475,3108.8904,0,361.79,262.37,60.22,84.3,19,animal,horse
166259,2,000000166259.jpg,427,640,1857.94275,0,287.4,180.74,48.69,121.82,16,animal,bird
489046,2,000000489046.jpg,427,640,5763.85355,0,400.2,168.62,86.22,139.63,16,animal,bird
328286,2,000000328286.jpg,424,640,16.76325,0,217.02,212.75,11.7,2.39,9,vehicle,boat
163682,6,000000163682.jpg,640,427,108236.0692,0,41.71,132.31,348.04,507.69,1,person,person
157213,3,000000157213.jpg,360,640,10312.86515,0,274.86,75.41,120,145.13,22,animal,elephant
213033,4,000000213033.jpg,640,480,50.2094,0,4.68,265.93,15.89,3.78,9,vehicle,boat
129945,1,000000129945.jpg,320,640,391.63665,0,318.4,170.73,26.85,22.72,40,sports,baseball glove
324158,1,000000324158.jpg,334,500,5999.5445,0,202.71,96.55,71.78,153.14,1,person,person
9914,6,000000009914.jpg,480,640,24903.90625,0,518.75,185.63,121.25,278.75,58,food,hot dog
451571,3,000000451571.jpg,480,640,11923.93245,0,446.34,3.37,163.32,118.44,62,furniture,chair
521717,2,000000521717.jpg,426,640,5972.06105,0,358.68,21.04,51.54,171.45,1,person,person
468954,3,000000468954.jpg,427,640,658.5869,0,331.44,327.45,32.09,42.57,75,electronic,remote
66635,4,000000066635.jpg,480,640,15309.80365,0,232.43,342.16,267.03,118.92,76,electronic,keyboard
367228,3,000000367228.jpg,500,333,26848.7313,0,72.19,183.72,180.02,316.28,1,person,person
430048,1,000000430048.jpg,375,500,1089.35675,0,213.2,234.85,84.27,41.3,3,vehicle,car
226058,2,000000226058.jpg,480,640,30068.4366,0,151.64,129.4,219.37,259.98,88,indoor,teddy bear
125850,3,000000125850.jpg,489,640,35613.4984,0,63.23,7.09,529.03,453.65,51,kitchen,bowl
226171,1,000000226171.jpg,480,640,1658.6024,0,0,277.99,68.64,36.63,77,electronic,cell phone
575372,1,000000575372.jpg,480,640,1882.02475,0,601.87,378.33,34,68.92,10,outdoor,traffic light
152465,5,000000152465.jpg,516,640,32291.55165,0,413.05,30.65,130.91,409.24,11,outdoor,fire hydrant
573943,5,000000573943.jpg,480,640,3580,1,130,346,184,38,8,vehicle,truck
153011,1,000000153011.jpg,480,640,128.72185,0,363.17,211.57,18.22,9.22,3,vehicle,car
533536,3,000000533536.jpg,480,640,40835.5371,0,89.92,282.1,311.33,197.9,17,animal,cat
51008,3,000000051008.jpg,480,640,132886.201,0,236.35,1.83,403.24,470.25,73,electronic,laptop
491725,4,000000491725.jpg,375,500,1412.4716,0,0,143.43,67.07,26.18,9,vehicle,boat
50811,5,000000050811.jpg,605,640,84615.95895,0,3.14,451,636.86,144.57,67,furniture,dining table
359855,5,000000359855.jpg,510,640,85196.5122,0,139.82,19.48,418.31,308.3,33,accessory,suitcase
412240,3,000000412240.jpg,375,500,22423.84945,0,148.79,47.01,262.65,245.2,18,animal,dog
350019,3,000000350019.jpg,640,426,24419.6883,0,125.41,38.2,175.85,227.75,1,person,person
52891,1,000000052891.jpg,427,640,4.78025,0,604.8,129.1,3.4,2.22,1,person,person
349594,3,000000349594.jpg,500,424,5070.51335,0,174.85,267.75,93.56,89.76,60,food,donut
521601,3,000000521601.jpg,480,640,292439.217,0,0,0,635.7,473.66,51,kitchen,bowl
245026,3,000000245026.jpg,424,640,1600.87735,0,517.19,357.06,113.94,42.22,84,indoor,book
272148,1,000000272148.jpg,378,640,915,1,116,154,184,37,42,sports,surfboard
89045,1,000000089045.jpg,425,640,2232.95435,0,234.46,216.31,87.82,32.34,84,indoor,book
343149,4,000000343149.jpg,640,480,963.1916,0,5.04,471.59,28.38,46.52,77,electronic,cell phone
390902,3,000000390902.jpg,500,333,3902.4512,0,180.16,59.7,47.27,123.18,1,person,person
447169,1,000000447169.jpg,480,640,2003.98065,0,492.92,399.86,99.65,80.14,62,furniture,chair
507473,3,000000507473.jpg,480,640,3516.23745,0,159.64,127.34,78.64,49.21,77,electronic,cell phone
565391,3,000000565391.jpg,640,480,206525.0419,0,1.58,116.94,478.42,518.32,8,vehicle,truck
116479,4,000000116479.jpg,640,411,119506.2068,0,58.02,80.25,270.04,552.03,65,furniture,bed
469174,3,000000469174.jpg,460,640,5176.9807,0,254.07,71.04,224.29,68.09,5,vehicle,airplane
396568,1,000000396568.jpg,424,640,38315.58095,0,82.89,203.96,332.53,151.5,7,vehicle,train
286507,1,000000286507.jpg,434,640,39708.64075,0,114.11,153.12,487.64,139.46,7,vehicle,train
570448,3,000000570448.jpg,484,640,61.58255,0,78.83,167.39,12.28,7.19,9,vehicle,boat
389315,2,000000389315.jpg,640,640,22515,1,50,312,542,262,84,indoor,book
471450,3,000000471450.jpg,480,640,1787.0893,0,109.21,245.57,61.34,41.21,23,animal,bear
424642,3,000000424642.jpg,375,500,283.3384,0,252.15,206.71,14.33,25.27,34,sports,frisbee
398028,1,000000398028.jpg,640,428,659.2304,0,274.46,27.82,31.18,43.15,1,person,person
346707,4,000000346707.jpg,500,333,4799.6891,0,167.91,98.36,66.75,102.3,52,food,banana
342397,1,000000342397.jpg,427,640,65.79155,0,612.74,229.44,27.26,5.4,35,sports,skis
431545,1,000000431545.jpg,334,500,261.43195,0,219.81,151.6,17.71,24.26,40,sports,baseball glove
353027,4,000000353027.jpg,424,640,31349.3585,0,0,0,237.4,232.43,1,person,person
137106,4,000000137106.jpg,427,640,226322.2947,0,0,2.22,640,424.78,65,furniture,bed
177065,4,000000177065.jpg,564,640,1526.8918,0,303.65,261.92,54.62,39.29,27,accessory,backpack
151629,2,000000151629.jpg,640,427,715.3573,0,14.03,538,21.86,51.47,43,sports,tennis racket
374545,4,000000374545.jpg,640,549,962,1,12,524,381,33,1,person,person
224664,2,000000224664.jpg,480,640,14.8881,0,218.08,220.28,3.03,7.79,1,person,person
39405,2,000000039405.jpg,480,640,43884,1,1,0,632,445,1,person,person
433103,5,000000433103.jpg,425,640,1912.81625,0,428.72,169.32,80.91,74.02,73,electronic,laptop
370900,1,000000370900.jpg,478,640,2807.52545,0,588.98,386.23,51.02,82.15,88,indoor,teddy bear
528705,2,000000528705.jpg,640,426,13473.87715,0,309.15,479.75,116.85,159.73,1,person,person
50844,4,000000050844.jpg,500,334,42770.79175,0,94.38,144.61,234.83,337.08,88,indoor,teddy bear
281032,4,000000281032.jpg,427,640,1321.3744,0,296.93,398.21,62.24,28.79,79,appliance,oven
199771,4,000000199771.jpg,425,640,37481.73795,0,36.52,55.34,193.69,360.81,1,person,person
55002,5,000000055002.jpg,375,500,2787.60795,0,155.09,323.57,160.69,51.3,1,person,person
389804,2,000000389804.jpg,425,640,12558.2531,0,510.12,238.25,129.88,168.89,81,appliance,sink
371529,4,000000371529.jpg,640,512,65698.20445,0,33.28,52.49,309.99,522.51,1,person,person
35770,2,000000035770.jpg,640,480,45400.4911,0,47.46,26.02,257.4,276.94,81,appliance,sink
266400,1,000000266400.jpg,396,640,365.3975,0,169.86,0,47.85,15.73,4,vehicle,motorcycle
102411,6,000000102411.jpg,427,640,50.24825,0,437.3,224.21,8.63,13.56,31,accessory,handbag
342367,4,000000342367.jpg,480,640,11536.3942,0,411.24,277.76,136.7,147.87,1,person,person
5037,6,000000005037.jpg,425,640,70.0478,0,592.82,248.46,10.86,13.23,3,vehicle,car
147223,3,000000147223.jpg,360,640,619.4779,0,598.75,98.34,41.25,20.62,3,vehicle,car
395388,6,000000395388.jpg,640,480,891.24625,0,168.97,429.76,26.94,81.07,28,accessory,umbrella
2006,1,000000002006.jpg,480,640,53.05475,0,121.84,65.26,5.71,11.13,10,outdoor,traffic light
574810,1,000000574810.jpg,500,377,58472.32015,0,64.52,93.55,215.05,366.67,17,animal,cat
511384,1,000000511384.jpg,640,428,782.85465,0,81.49,0.12,39.31,48.88,1,person,person
80659,1,000000080659.jpg,427,640,2866.72055,0,226.73,255.63,134.72,104.72,19,animal,horse
451144,5,000000451144.jpg,480,640,1260.57515,0,550.9,228.37,29.38,54.44,27,accessory,backpack
438226,4,000000438226.jpg,291,640,21647.46385,0,219.15,5.53,238.55,150.89,58,food,hot dog
561465,3,000000561465.jpg,612,612,54519.41125,0,0,205.63,338.17,406.37,67,furniture,dining table
206579,6,000000206579.jpg,480,640,28747.64125,0,373.74,47.09,178.31,214.87,62,furniture,chair
88970,3,000000088970.jpg,500,333,1408.25105,0,214.5,133.5,67.33,71.88,43,sports,tennis racket
98853,1,000000098853.jpg,640,427,46051,1,0,0,426,179,1,person,person
19402,4,000000019402.jpg,480,640,23284.81415,0,3.74,304.21,233.14,168.31,59,food,pizza
356094,1,000000356094.jpg,389,640,423.49965,0,402.75,228.87,21.37,24.99,40,sports,baseball glove
161861,1,000000161861.jpg,375,500,1325.97065,0,148.2,179.28,74.5,51.13,43,sports,tennis racket
192047,3,000000192047.jpg,640,480,27960.4151,0,86.29,517.75,348.05,115.06,81,appliance,sink
466156,1,000000466156.jpg,375,500,77.6229,0,0,13.89,11.3,10.68,3,vehicle,car
271457,3,000000271457.jpg,333,500,23947.3125,0,163.5,208.5,336,120,15,outdoor,bench
374551,1,000000374551.jpg,300,500,24730.2697,0,28.91,72.68,366.16,141.33,16,animal,bird
387383,3,000000387383.jpg,480,640,147303.1129,0,0,112.79,640,365.92,65,furniture,bed
341469,4,000000341469.jpg,640,457,2385.23995,0,8.65,441.8,90.81,49.01,33,accessory,suitcase
104455,3,000000104455.jpg,480,640,10672.0944,0,168.31,199.48,190.84,152.57,24,animal,zebra
377497,1,000000377497.jpg,640,432,137053.3675,0,44.38,33.07,387.62,549.8,24,animal,zebra
371472,1,000000371472.jpg,640,480,1260.90395,0,189.92,71.8,74.08,33.52,52,food,banana
157928,2,000000157928.jpg,480,640,7425.6246,0,259.32,259.32,220.68,195.74,35,sports,skis
407524,4,000000407524.jpg,480,640,1154.4053,0,210.89,0.2,52.51,30.3,56,food,broccoli
116206,1,000000116206.jpg,480,640,23927.4911,0,101.17,129.73,188.68,215.51,57,food,carrot
393838,1,000000393838.jpg,427,640,10950,1,108,110,344,243,57,food,carrot
94614,1,000000094614.jpg,427,640,1145.57705,0,333.36,114.53,68.13,72.24,27,accessory,backpack
51314,6,000000051314.jpg,480,640,6872.28455,0,45.1,251.38,169.67,78.39,42,sports,surfboard
417911,3,000000417911.jpg,429,640,11213.23395,0,244.35,173.28,219.43,101.13,42,sports,surfboard
547854,1,000000547854.jpg,640,640,2301.8138,0,0,390.7,67.84,66.7,59,food,pizza
209753,1,000000209753.jpg,640,467,974.9076,0,308.63,350.45,56.23,35.49,77,electronic,cell phone
246436,2,000000246436.jpg,640,480,32483.02665,0,179.53,448.83,300.47,181.2,79,appliance,oven
217425,4,000000217425.jpg,480,640,14383.15455,0,232.99,137.06,154.25,117.57,85,indoor,clock
151820,1,000000151820.jpg,427,640,7534.0695,0,503.79,175.54,97.18,179.57,1,person,person
127394,1,000000127394.jpg,640,409,4151.83375,0,260.02,48.71,65.84,104.92,1,person,person
166918,4,000000166918.jpg,640,480,17372,1,63,315,366,294,46,kitchen,wine glass
237118,3,000000237118.jpg,640,580,26592.5069,0,210.51,209.57,100.53,405.23,82,appliance,refrigerator
23272,1,000000023272.jpg,375,500,127879.5427,0,0,0.08,499.46,370.98,3,vehicle,car
464689,3,000000464689.jpg,640,586,890,1,131,294,115,126,44,kitchen,bottle
410221,3,000000410221.jpg,640,622,3135.268,0,270.25,138.51,102.84,116.62,5,vehicle,airplane
445365,1,000000445365.jpg,640,427,49507.18925,0,186.97,116.49,240.03,513.44,25,animal,giraffe
547336,4,000000547336.jpg,480,640,21537.2127,0,465.09,161.09,174.91,202.11,11,outdoor,fire hydrant
261712,3,000000261712.jpg,476,640,3404.6633,0,203.08,175.99,64.15,146.43,25,animal,giraffe
19042,6,000000019042.jpg,371,640,58.2055,0,221.09,8.21,25.45,4.84,3,vehicle,car
236690,1,000000236690.jpg,399,640,20776.13295,0,312.34,28.32,175.04,308.04,16,animal,bird
252559,1,000000252559.jpg,640,480,86.22885,0,61.27,458.22,10.52,13.55,1,person,person
572388,3,000000572388.jpg,500,349,66025.8684,0,0,1.47,185.29,451.47,17,animal,cat
198641,4,000000198641.jpg,479,640,7510.91375,0,427.86,298.75,168.4,62.37,73,electronic,laptop
181421,1,000000181421.jpg,446,640,6909.07805,0,277.18,108.4,192.39,59.33,28,accessory,umbrella
477227,1,000000477227.jpg,427,640,8339.81835,0,217.2,243.78,246.46,60.86,9,vehicle,boat
565624,1,000000565624.jpg,375,640,11626.03715,0,40.45,127.25,107.86,155.05,22,animal,elephant
61747,2,000000061747.jpg,574,640,11626.64005,0,108.11,437.41,390.56,136.59,35,sports,skis
456143,5,000000456143.jpg,361,640,752.69715,0,449.35,264.66,46.55,36.82,57,food,carrot
157418,1,000000157418.jpg,640,480,63551.397,0,220.52,313.56,259.48,318.34,51,kitchen,bowl
389197,6,000000389197.jpg,426,640,393.3004,0,375.61,0,42.09,16.53,1,person,person
632,3,000000000632.jpg,483,640,20933,1,416,43,153,303,84,indoor,book
33759,1,000000033759.jpg,457,640,40164.2578,0,285.96,22.64,337.67,145.63,8,vehicle,truck
16228,3,000000016228.jpg,440,640,9419,1,13,166,616,127,1,person,person
238866,4,000000238866.jpg,439,640,2614.44775,0,346.71,47.48,75.11,45.51,60,food,donut
566524,4,000000566524.jpg,480,640,831.0451,0,543.76,213.54,26.02,60.85,1,person,person
376442,3,000000376442.jpg,640,480,8861.5878,0,169.33,375.96,99.01,137.76,88,indoor,teddy bear
53994,4,000000053994.jpg,640,481,896.475,0,44.56,22.24,110.23,27.09,3,vehicle,car
121031,3,000000121031.jpg,451,640,506.0023,0,257.8,153.01,35.07,55.93,1,person,person
483667,4,000000483667.jpg,640,426,2240.8064,0,67.02,551.8,48.75,88.2,62,furniture,chair
88269,3,000000088269.jpg,480,640,127539.1345,0,29.12,2.16,537.17,311.73,51,kitchen,bowl
349837,3,000000349837.jpg,333,500,12492.52165,0,460.39,0,39.61,328.64,82,appliance,refrigerator
442323,3,000000442323.jpg,480,640,3917.1202,0,1.25,322.91,34.91,150.86,33,accessory,suitcase
129492,3,000000129492.jpg,480,640,1401.3215,0,0,122.5,63.88,46.61,84,indoor,book
306700,2,000000306700.jpg,640,480,76638.65445,0,46.02,349.48,362.43,258.88,59,food,pizza
430377,5,000000430377.jpg,640,439,29.1856,0,14.35,258.13,25.95,3.64,35,sports,skis
82696,5,000000082696.jpg,640,427,1514.84755,0,324.75,114.93,62.28,56.76,62,furniture,chair
270705,4,000000270705.jpg,640,475,80681.94965,0,133.51,24.77,232.6,538.15,16,animal,bird
39670,2,000000039670.jpg,640,640,143233.23,0,48.79,101.31,523.77,351.57,7,vehicle,train
60886,3,000000060886.jpg,333,500,12254,1,50,0,404,241,1,person,person
516143,4,000000516143.jpg,480,640,653.82935,0,549.63,269.36,17.77,73.01,1,person,person
386134,4,000000386134.jpg,612,612,84417.5891,0,171.68,295.67,418.07,273.41,56,food,broccoli
437898,6,000000437898.jpg,427,640,61.35645,0,396.26,189.21,12.06,20.38,49,kitchen,knife
292997,3,000000292997.jpg,480,640,154.6726,0,363.56,228.23,14.24,18.14,1,person,person
31093,3,000000031093.jpg,426,640,691.0442,0,497.34,0,32.56,38.62,1,person,person
311190,3,000000311190.jpg,500,375,2185.50455,0,0,45.65,24.29,113.74,1,person,person
390826,3,000000390826.jpg,480,640,21329.277,0,192.6,144.54,134.8,226.82,23,animal,bear
308193,4,000000308193.jpg,640,480,6211.0282,0,196.04,234.23,87.92,92.26,85,indoor,clock
112378,2,000000112378.jpg,480,640,329.601,0,319.18,344.7,38.57,23.57,52,food,banana
505573,1,000000505573.jpg,640,359,7384.54875,0,71.48,274.29,217.77,54.85,32,accessory,tie
452321,5,000000452321.jpg,480,640,6775.56805,0,172.44,218.52,118.64,75,6,vehicle,bus
343937,4,000000343937.jpg,428,640,1151.1269,0,331.32,382.51,76.54,40.29,36,sports,snowboard
253452,2,000000253452.jpg,426,640,272506.7588,0,0,0,640,426,67,furniture,dining table
182155,1,000000182155.jpg,426,640,401.08215,0,490.8,98.24,19.89,38.46,75,electronic,remote
115946,1,000000115946.jpg,640,480,220.95305,0,249.01,414.69,16.8,14.7,10,outdoor,traffic light
42528,4,000000042528.jpg,495,640,23936.81905,0,15.39,157.88,274.43,235.96,62,furniture,chair
118405,2,000000118405.jpg,480,640,846.3439,0,547.83,360.53,24.94,66.86,1,person,person